English,Definition
abandoned,left alone and not cared for; empty and unused
abnormally,in a strange or unusual way
abolish,to officially end a law or system
aboriginal,belonging to the first people of a land
abruptly,suddenly and without warning
absentee,a person who should be present but is not
absurd,silly and clearly not sensible
abuse,cruel or unfair treatment of someone
accessibility,how easy something is to reach or use
accommodation,a place where someone can live or stay
accordingly,in a way that matches the situation
accumulate,to gradually gather more and more over time
accusation,a claim that someone has done something wrong
achievable,able to be reached or completed
acid,a strong chemical substance that can burn things
acquisition,something gained or obtained
actively,in an energetic and involved way
actual,real; true and existing in fact
acute,very sharp or severe
adaptable,able to change easily to fit new situations
addict,a person unable to stop using something harmful
addicted,unable to stop doing or taking something harmful
addiction,a strong harmful need to keep doing something
additionally,also; as an extra point
adequate,enough for what is needed
adequately,well enough for what is needed
adjustment,a small change made to improve something
administrative,relating to managing an office or business
admirable,deserving praise and respect
admiringly,in a way that shows great respect
admittedly,it must be said honestly
adopted,taken legally into a family as one's own
adoption,the act of taking a child into a family
adore,to love someone or something deeply
adorn,to decorate something to make it prettier
advancement,progress or a move to a higher level
advent,the arrival of something new or important
adventurous,eager to try new and exciting things
adverse,harmful or unfavorable
adversely,in a harmful or negative way
adversity,a difficult or unlucky situation
affectionate,showing warm love and care
affectionately,in a warm and loving way
affordable,cheap enough for most people to buy
ageless,never seeming to grow old
aggressively,in a forceful and angry way
agonize,to worry a great deal before deciding
agony,very great pain or suffering
aircraft,a machine such as a plane that flies
aircrew,the team of people who fly and run a plane
alcoholism,a serious illness from drinking too much alcohol
alert,to warn someone about danger
allegation,a claim that someone did something wrong
alliance,an agreement between groups to work together
ally,a country or person who supports another
alongside,next to; together with
alphabetical,arranged in the order of letters like a b c
altar,a raised table used in religious ceremonies
alter,to change something a little
alternate,to happen or do by turns
alternatively,as another choice; instead
altitude,the height of something above the ground
aluminum,a light silver-colored metal
amaze,to surprise someone very much
amazement,a feeling of great surprise
amazingly,in a way that causes great surprise
ambassador,an official who represents their country abroad
ambiguity,the state of having more than one possible meaning
ambiguous,having more than one possible meaning
ammonia,a strong-smelling gas used in cleaning products
amongst,in the middle of a group
ample,more than enough
amplifier,a device that makes sound louder
amplify,to make a sound or feeling stronger
amuse,to make someone laugh or feel entertained
analogy,a comparison between two similar things
analyst,a person who studies information closely
anchor,a heavy object that keeps a ship in place
anchorage,a safe place where ships can stop
anchorman,a man who presents the news on television
anchorperson,a person who presents the news on television
anguish,severe mental or physical pain
animate,to make drawings appear to move
anonymous,with a name that is kept secret or unknown
antiaircraft,designed to attack enemy planes
antibacterial,able to kill tiny harmful germs
anticancer,a drug that fights a serious tumor disease
anticipate,to expect something before it happens
anticipation,the feeling of expecting something to happen
antipollution,action taken to reduce harm to nature
antistatic,designed to prevent small electric shocks from cloth
antivirus,computer software that protects against harmful programs
apostrophe,the punctuation mark used to show ownership or missing letters
applicant,a person who formally asks for a job or place
appreciative,feeling or showing thanks
appropriately,in a suitable and correct way
approximate,close to an exact number but not precise
arch,a curved structure over a doorway or bridge
archaeologist,a scientist who studies remains from ancient times
arctic,relating to the very cold northern region of Earth
arena,a large area used for sports events
aristocracy,the highest social class in a country
armful,as much as can be carried in one's arms
arouse,to cause a feeling to start
arrogant,too proud and looking down on others
artery,a tube that carries blood away from the heart
articulate,to express thoughts clearly in words
artificially,in a way that is not natural
artistry,great skill in creating something beautiful
ash,the gray powder left after something burns
aspiration,a strong wish to achieve something
aspire,to have a strong wish to achieve something
assault,a sudden violent physical attack
assemble,to put parts together; to gather in one place
assembly,a group of people gathered together; putting parts together
assert,to state something firmly and confidently
assess,to judge the quality or value of something
assessment,a judgment made about the quality of something
assumption,something believed to be true without proof
assurance,a firm promise that something is true
assure,to tell someone confidently that something is true
astonish,to surprise someone greatly
astonished,feeling great surprise
astonishing,causing great surprise
astonishment,a feeling of great surprise
astronomy,the scientific study of stars and planets
athletics,sports such as running and jumping
attached,joined to something; fond of someone
attainable,possible to reach or achieve
attainment,something reached or achieved through effort
attendance,the number of people present at an event
attentive,quick to notice and care about what others need
attentively,in a way that shows careful notice and care
attractiveness,the quality of being pleasing to look at
attribute,a quality that belongs to someone or something
atypical,not usual or expected
aubergine,a long purple vegetable (eggplant)
audit,an official check of financial records
audition,a short performance to test for a role
authoritative,showing confidence and expert knowledge
authorize,to give official permission for something
availability,the state of being free or ready to use
await,to wait for something
awe,a feeling of wonder and deep respect
ax,a tool with a blade for cutting wood
axis,an imaginary line that something turns around
backup,an extra copy kept in case of loss; extra support
backward,toward the back; in reverse
backyard,the outdoor area behind a house
badge,a small sign worn to show identity or rank
bad-tempered,quick to become angry
balanced,having equal parts
balky,stubborn and unwilling to move
ballad,a slow story song
ballet,a graceful stage dance
ballot,a voting paper
ban,a rule that forbids something
banker,a bank employee
bankrupt,to cause financial ruin
bankruptcy,the state of financial ruin
barbershop,a men's hair salon
barley,a common cereal grain
barn,a farm storage building
barometer,a device measuring air pressure
barren,unable to grow plants or crops
barrier,something that blocks movement
bartender,a drink server at a bar
bathhouse,a public bathing building
battlefield,a place where armies fight
beagle,a small hunting dog
beak,a bird's pointed mouth
beam,a long support bar; a light ray
bearing,the way someone moves; a compass direction
beautify,to make more attractive
bellow,to shout loudly and deeply
belongings,personal items someone owns
beneficial,helpful and good for someone
benevolence,kindness toward other people
benevolent,kind and generous to others
berry,a small juicy fruit
bestow,to formally give a gift
bestseller,a very popular book
betray,to be disloyal to someone
bewilder,to confuse someone completely
bewilderment,a feeling of confusion
bid,to offer a price
bidding,the act of offering prices
bikini,a two-piece swimsuit
billion,one thousand million
bind,to tie tightly together
bio,a short life summary
biological,relating to living things
biotechnology,science using living cells
birdcage,a small cage for birds
birthplace,the place someone was born
bitterly,in a harsh resentful way; extremely (cold)
bizarre,very strange and unusual
blade,a knife's sharp cutting edge
blast,a sudden explosion; a rush of air
blaze,a large strong fire
blindly,without looking or thinking
blindness,the inability to see
blink,to shut and open the eyes quickly
bloodstream,blood flowing through the body
bloody,stained with blood
blooming,fully open in flower
blossom,a flower on a tree
blur,to become unclear
blurt,a sudden careless remark
boiling,extremely hot and bubbling
bolt,a metal fastening pin; a sudden dash
bombard,an early type of heavy cannon
bomber,a plane that drops explosives
bombing,an attack using explosives
bony,very thin with visible bones
bookish,fond of reading and study
booklet,a small printed guide
bookmark,a place-saving marker; a saved web link
boost,a helpful increase
booth,a small enclosed stall
bossy,fond of ordering others
botany,the study of plants
bothered,annoyed or worried
bothersome,annoying and causing trouble
bourbon,an American whiskey type
boxer,a fist-fighting athlete
bracket,an enclosing punctuation mark; a wall support
brag,a boastful statement
bravery,courage in danger
breakable,easily damaged or shattered
breakdown,a sudden system failure; a mental collapse
breakup,the end of a relationship
breathtaking,extremely beautiful or impressive
breezy,pleasantly windy outside
brewery,a beer-making factory
brilliantly,extremely skillfully or impressively
broadband,fast internet connection
broadcaster,a TV or radio company
broaden,to make wider or bigger
broadly,in a general way
brochure,a small information booklet
brother-in-law,a spouse's brother; a sibling's husband
browse,to look through casually
browser,a website viewing program
bruise,a skin mark from injury
bud,an unopened flower or leaf
bulimia,a serious eating disorder (overeating then purging)
bully,to hurt someone weaker
bum,a homeless person (informal); the buttocks (informal)
bumper,a car's protective bar
bun,a small bread roll; hair tied up
burdensome,hard to deal with
bureaucracy,complex official rules and offices
burglary,illegal entry to steal
burgle,to break in and steal
burial,the placing of a body underground
bustle,to move about busily
bustling,full of busy activity
buzz,a low humming sound; excited chatter
cabinet,a storage furniture piece; top government officials
cable,a thick electrical wire
calmly,in a quiet relaxed way
campaign,a planned effort toward a goal
candidate,a job or election applicant
cane,a walking support stick
cannonball,an old cannon's metal ball
canon,accepted important works; a church rule
capability,the ability to do something
caption,text explaining a picture
captive,an imprisoned person
caravan,a towed living vehicle; a traveling group
carbon,an element in all life
carbon dioxide,a burning or breathing-out gas
carbon footprint,the amount of harmful gas someone's actions produce
carbon monoxide,a poisonous odorless gas
cardboard,stiff paper for boxes
cardigan,a button-up knitted sweater
carefree,without worries or responsibilities
caring,kind and concerned for others
carnival,a festive public celebration
carpool,a shared car-ride arrangement
carve,to cut a shape into something solid
cascade,a small waterfall; a falling series
cast,a play's group of actors; a hard injury cover
casually,in a relaxed informal way
catalog,a list of items for sale
catalyst,something that speeds up change
catastrophe,a sudden terrible disaster
catastrophic,extremely harmful or disastrous
catchy,easy to remember and enjoy
categorization,sorting things into groups
catering,providing food for events
cathedral,a large important church
cease,to stop happening
ceiling,a room's inside top
cellar,an underground storage room
cellist,a cello player
cello,a large bowed string instrument
cemetery,a burial ground for the dead
centigrade,a temperature measuring scale
certificate,an official document that proves something
certification,proof that someone is officially qualified
certify,to officially state that something is true
chancellor,the leader of a government in some countries
chaotic,completely disorganized and confusing
charming,very pleasant and attractive
cheat,to break rules to win unfairly
checkpoint,a place where guards examine travelers or vehicles
cheeky,rude in a playful way
cheerfully,in a happy positive way
cheerfulness,the state of being happy and positive
chemotherapy,medical treatment using drugs to fight cancer
cherished,loved and valued very much
cherry,a small round red fruit
chew,to crush food with your teeth
childish,behaving in an immature and silly way
chimney,a pipe that lets smoke leave a building
chip,a small piece broken off something; a tiny electronic circuit
chop,to cut something into pieces
chunk,a thick solid piece of something
circuit,a path that electricity flows through
circuitry,a system of electronic parts connected together
circumstance,a fact or condition affecting a situation
citywide,happening across an entire urban area
clam,a small sea animal with a shell
clap,to hit your hands together to show approval
clarify,to make something easier to understand
classification,the act of grouping things by type
clause,part of a sentence with a verb; a section of a legal document
clearness,the quality of being easy to understand
clerical,relating to office work like filing and typing
client,a person who pays for a service
climate change,the long-term shift in the world's weather patterns
clog,to block a pipe or passage
closure,the act of shutting something permanently
clothing,items worn to cover the body
clumsy,awkward and likely to drop things
coaching,expert training to improve a skill
coalition,a temporary alliance between groups
coarse,rough in texture; not smooth
coastline,the edge of land along the sea
cocktail,a mixed alcoholic drink
cocoa,a brown powder made from cacao beans; a hot chocolate drink
coconut,a large brown tropical fruit with white flesh
coherence,the quality of being logical and clear
coherent,logical and easy to follow
coincide,to happen at the same time
coincidence,two things happening together by chance
colleague,a person you work with
collector,a person who gathers items as a hobby
collocation,words that are often used together
colon,a punctuation mark before a list; part of the large intestine
colonial,relating to control over a foreign territory
coma,a long deep state of unconsciousness
comfortably,in a relaxed and pleasant way
commander,an officer who leads troops
commemorate,to honor the memory of an event
commerce,the buying and selling of goods
commission,money earned for making a sale; an official group given a task
commonwealth,a group of countries linked by history
communicative,willing to share thoughts easily
community,a group of people living in one area
commute,to travel regularly between home and work
compassion,care and concern for people who suffer
compassionate,kind and caring toward people who suffer
compatible,able to work well together; well suited
compensate,to pay someone for a loss
compensation,money paid for a loss or harm
competence,the ability to do something well
competent,having enough skill or ability
compile,to gather information into one document
completion,the state of having finished something
complexion,the natural look of a person's skin
complexity,the state of being difficult and complicated
component,one part of a larger system
comprehension,the ability to understand something
comprehensive,including everything that is needed
compress,a cloth held against a wound
compression,the act of squeezing something smaller
compulsory,required by law or rule
compute,to calculate a number or amount
conceal,to hide something from view
concede,to admit that something is true; to give up in defeat
conceit,too much pride in oneself
conceivable,possible to imagine or believe
conceive,to form an idea; to become pregnant
conception,the forming of an idea; the start of pregnancy
concerning,about a particular topic
concession,something given up to reach agreement
concrete,specific and real; not vague
condemn,to strongly criticize something as wrong
conductor,a leader of a music group; a train ticket collector
cone,a shape with a pointed top
conference,a large formal meeting on a topic
conferencing,holding meetings using video or phone
confess,to admit that you did something wrong
confession,a statement admitting guilt
confidently,in a way that shows self-belief
confine,to keep within strict limits
confront,to face a problem directly
conjunction,a word that joins sentence parts
conquest,the act of taking control by force
conscience,the inner sense of right and wrong
consciousness,the state of being awake and aware
consensus,general agreement among a group
consent,permission for something to happen
considerably,by a large amount
considering,taking a fact into account
consistent,always acting the same way
consolation,comfort given after a loss
console,to comfort someone who is sad
constant,happening all the time
consult,to ask an expert for advice
consultant,a person hired to give expert advice
contaminate,to make something dirty or impure
contemporary,belonging to the present time
contempt,a feeling that someone deserves no respect
contract,a written legal agreement
contradict,to say the opposite of someone
contradiction,a statement that disagrees with another
contradictory,opposite and not matching
controversy,public disagreement about a topic
conveniently,in a way that is easy
convention,a usual way of doing something; a large formal meeting
conventional,following what is usual
converse,the reverse of a stated idea
conversely,in an opposite way; on the other hand
conversion,the act of changing form
convert,to change into a different form
convinced,completely sure that something is true
cooperate,to work together with others
cooperation,the act of working together
cooperative,willing to work with others
cope,to deal successfully with hardship
copper,a reddish-brown metal
coral,a hard substance made by sea creatures
core,the central most important part
cornerstone,a basic part everything else depends on
cornet,a small brass instrument; a cone-shaped ice cream holder
corona,a ring of light around the sun
corporal,relating to the physical body
corporate,relating to a large business
corporation,a large business company
correctness,the quality of being accurate
correspond,to match something closely; to exchange letters
correspondence,letters exchanged between people
correspondent,a journalist reporting from afar
corresponding,matching or related to something
corridor,a long narrow indoor passage
corrupt,dishonest and willing to abuse power
corruption,dishonest use of power for personal gain
costly,requiring a lot of money
costume,special clothes worn for a show or party
cottage,a small house in the country
countryman,someone born in the same nation as you
countrywide,happening across a whole nation
courtesy,polite and respectful behavior
coward,a person who lacks courage
cowardly,lacking courage; afraid to act
coziness,a warm comfortable feeling
cozy,warm and comfortable
crab,a sea animal with a hard shell and claws
crack,a thin line where something is broken
craftsman,a skilled worker who makes things by hand
crater,a large bowl-shaped hole in the ground
crawl,to move slowly on hands and knees
crease,a line left by folding something
creation,the act of making something new
creatively,in an imaginative and original way
creek,a small narrow stream
creepy,strange and slightly frightening
crew,a group of people working on a ship or plane
cripple,an old-fashioned word for someone who cannot walk well
critically,in a very serious way; in a fault-finding way
criticism,comments that point out faults
crocodile,a large reptile living in rivers
crossly,in an angry or annoyed way
crucial,very important and necessary
cruelly,in a way that causes pain or suffering
cruelty,behavior that causes pain or suffering
crystallize,to become clear and settled; to turn into solid grains
cube,a solid shape with six equal square sides
cubism,an art style using geometric shapes
cuff,the end part of a shirt sleeve
culmination,the final and most important result
culturally,in terms of a society's customs
curl,a piece of hair that curves round
cursor,a moving pointer on a computer screen
cyberaddict,a person who cannot stop using the internet
cybercafe,a public place where people pay to use the internet
cybercrime,illegal activity carried out using computers or the internet
cyberpet,a digital creature you care for on a screen
cyberschool,lessons and classes taught entirely through the internet
cyberspace,the online world where computer networks connect
cyclist,a person who rides a bike
daft,silly or foolish (informal)
damn,used to add emphasis or show annoyance (informal)
dandelion,a small yellow wild flower
darling,much loved; dear
dash,a sudden quick run; a small amount of something
data,facts or information used for study
database,an organized set of information stored on a computer
dated,old-fashioned; no longer modern
daughter-in-law,the wife of your son
dawn,the time of day when light first appears
daytime,the hours when it is light outside
de facto,existing in reality though not official
dearly,very much; with great affection
debit,an amount of money taken from an account
debit card,a payment method linked directly to your bank account
decade,a period of ten years
decay,to slowly rot or break down
deceive,to make someone believe something untrue
decent,good enough in quality; honest and morally proper
deceptive,likely to give a false impression
decisive,able to choose quickly and firmly
deck,a floor on a ship or bus
decomposition,the process of slowly rotting
decorate,to make something look nicer by adding things
decoration,something added to make a place look nicer
decorative,meant to look attractive rather than useful
dedication,great effort and commitment given to something
deduce,to work out an answer using clues
deduction,a conclusion reached by reasoning; an amount subtracted from a total
deem,to consider something to be a certain way
deer,a wild animal with antlers that runs fast
deficit,the amount by which spending is more than income
deforestation,the cutting down of large areas of trees
defy,to refuse to obey a rule or person
dehumanize,to treat someone as less than a person
delegate,a person chosen to speak for a group
deliberate,done on purpose; planned
deliberately,on purpose; not by accident
delicacy,a rare and tasty food; the quality of being easily damaged
delicately,in a careful and gentle way
demanding,needing a lot of effort; expecting a lot from others
demolish,to pull down a building completely
denim,a strong blue cotton cloth used for jeans
dense,closely packed together; slow to understand (informal)
densely,in a closely packed way
dental,relating to teeth or their care
dependable,able to be trusted; reliable
deputy,a person who acts for a leader when needed
descend,to move down from a higher place
descriptive,giving a detailed picture in words
desirable,worth having; wanted by many
desktop,a fixed computer for one location; the main screen on a computer
desolation,a feeling of great sadness and loneliness
desperately,in an urgent almost hopeless way
desperation,a feeling of hopelessness that pushes reckless action
despise,to dislike someone or something strongly
destiny,the future events that will happen to someone
detach,to remove one part from another
detachment,a lack of emotional involvement; the act of separating something
detailed,having many small facts included
detect,to notice or discover something hidden
determined,having a firm plan to succeed
determiner,a word placed before a noun (grammar)
developing,becoming more advanced and industrialized
devil,an evil spirit in some religions
devote,to give all your time to something
devoted,showing great love and loyalty
diarrhea,an illness causing frequent watery bowel movements
dictator,a ruler with total power over a country
digest,a short summary of a longer text
dignify,to make something seem more important than it is
dignity,a calm manner that deserves respect
dilemma,a hard choice between two options
dim,not bright; giving little light
dime,a US coin worth ten cents
dimension,a measurable size such as length or width
dip,to put something briefly into a liquid
diphtheria,a serious infectious disease of the throat
diploma,a certificate given after finishing a course
diplomat,an official who represents their country abroad
disappearance,the act of no longer being seen
disapproval,a feeling that something is wrong or bad
disapprove,to think that something is wrong
discharge,the act of letting someone leave; a fluid that flows out
disciple,a follower of a teacher or leader
discipline,training that teaches self-control and order
disconnect,to stop two things being joined
discredit,to make people stop trusting someone
discriminate,to treat someone unfairly because of their group
disgrace,shame after doing something wrong
disguise,clothes worn to hide who you are
dishonesty,the quality of not telling the truth
disillusion,to show someone that a belief was false
dismiss,to send someone away; to remove someone from a job
disorder,a state of confusion or untidiness; an illness of body or mind
disorderly,untidy or badly behaved
disorganized,not arranged in a neat or planned way
dispensable,not essential; able to be done without
displace,to force someone from their home; to take over another's role
displeasure,a feeling of annoyance or dislike
disposal,the act of getting rid of something
disposition,a person's natural way of behaving
dispute,a strong disagreement between people
disqualify,to officially stop someone from taking part
disregard,a lack of care or attention given to something
disrupt,to interrupt something and stop it from working
dissatisfaction,a feeling of not being happy with something
dissatisfied,not happy with something
dissident,a person who opposes their government publicly
distinguished,famous and respected for great skill
distortion,a change that makes something look or sound wrong
distract,to take someone's attention away from something
distraction,something that takes your attention away
distressing,making you feel very upset or worried
distributor,a company that sends goods to shops
diversion,a change to a different route or activity
divert,to change the direction of something
divided,split into separate parts or groups
division,the act of splitting something into parts
divorce,the legal ending of a marriage
DNA,the material inside cells that carries genetic information
dock,a place where ships load and unload
domestic,relating to the home or one's own country
dominate,to have the most power or control over something
donate,to give money or goods to help others
donation,money or goods given to help others
donkey,a farm animal like a small horse with long ears
doom,a very bad fate that cannot be avoided
doorkeeper,a person who guards or watches a door
doorway,the opening where a door is
dorm,a bedroom shared by students at college
dormitory,a building where students live and sleep
dose,an amount of medicine taken at one time
doubly,even more so than usual
doubtful,not sure that something is true or will happen
dove,a white bird that is a symbol of peace
downfall,a sudden loss of power or success
downsize,to reduce the size of a company by cutting jobs
dowry,money or property a bride's family gives at marriage
draft,an early version of a piece of writing
drain,a pipe that carries away waste water
dramatically,in a sudden and very noticeable way
drapery,heavy cloth hung as a curtain
dread,to fear something that will happen soon
dreadful,very bad or unpleasant
dreamy,seeming lost in thought or half asleep
drinkable,safe or good enough to drink
droop,the state of hanging down weakly
dropout,a person who leaves school before finishing
drought,a long period with little or no rain
duel,a fight between two people using weapons
dumb,not smart (informal); unable to speak
duplicate,an exact copy of something
duplication,the act of making an exact copy
dwarf,a person or thing much smaller than normal
dye,a substance used to change the color of something
dynamic,full of energy and new ideas
eagerly,with great enthusiasm and interest
eagle,a large powerful bird that hunts other animals
earnings,the money you earn from work
ease,the state of being simple or comfortable
eastward,toward the east
ecologically,in a way that relates to nature and the environment
ecologist,a scientist who studies nature and living things
economical,using as little money or resources as possible
economist,an expert who studies money and trade
ecstatic,extremely happy and excited
edit,a change made to improve a piece of writing
editorial,an article giving a newspaper's opinion
educated,having learned a lot through school or study
educator,a person whose job is teaching
effectively,in a way that produces the result you want
effectiveness,the degree to which something produces the wanted result
elect,to choose someone by voting
elective,optional rather than required
electrician,a worker who installs and repairs electric wiring
electronically,by using electronic devices
electronics,electronic devices such as computers and phones
elegance,a graceful and stylish quality
elegant,graceful and stylish in appearance
elegantly,in a graceful and stylish way
elemental,relating to the most basic parts of something
eligible,allowed to do or receive something
elite,the richest or most powerful group of people
eloquence,skill in speaking or writing well
eloquent,able to speak or write very well
embassy,a country's official office in another country
embrace,the act of holding someone closely with your arms
emergence,the process of coming into existence
emphatically,in a very strong and clear way
employ,to pay someone to do work for you
employee,a person who works for someone else for pay
employer,a person or company that pays people to work
endeavor,a serious effort to achieve something
endlessly,without ever stopping
endorse,to publicly say you support something
endurance,the ability to keep doing something hard for a long time
enduring,lasting for a very long time
energy,power that makes things work or move
enforce,to make sure a rule or law is obeyed
engagement,a promise to marry someone; an appointment
engulf,to completely cover or surround something
enhance,to make something better or more attractive
enroll,to officially join a course or school
enterprise,a business or company; a bold plan
entertaining,fun and enjoyable to watch or listen to
enthusiastically,showing strong excitement and interest
entitle,to give someone the right to have something
entrepreneur,a person who starts and runs their own business
environment,the natural world including air water and land
environmentally,in a way connected to the natural environment
environmentally friendly,not harmful to the natural environment
equation,a statement that says two things are equal
equip,to provide someone with the tools they need
equity,fairness; share value in a company
erect,standing straight up
erupt,to burst out suddenly and violently
eruption,a sudden violent burst of something such as lava
essayist,a person who writes essays
essentially,in the most basic and important way
estate,a large piece of land; all someone's money and property
estimated,roughly calculated rather than exact
eternally,forever without end
ethic,a moral rule about what is right and wrong
ethnic,relating to a group sharing culture or ancestry
evacuate,to move people away from a dangerous place
evacuation,the act of moving people away from danger
evaluate,to judge the value or quality of something
evaluation,a judgment about the value or quality of something
everlasting,existing forever without ending
evidently,clearly based on what can be seen
evil,very bad and cruel
evolution,the gradual change of living things over time
evolve,to change and develop gradually over time
exactness,the quality of being precise and correct
exaggerate,to describe something as bigger than it really is
exaggeration,a description that makes something seem bigger than it is
exalt,to praise or honor someone greatly
examinee,a person taking an exam
exceed,to be greater than a limit or amount
excel,to be very good at something
exception,someone or something that is not included in a rule
exceptional,unusually good or great
exceptionally,to an unusually high degree
excessive,much more than what is needed or reasonable
exclaim,to say something suddenly and loudly
exclamation mark,the punctuation mark used to show strong feeling
exclude,to keep someone or something out of a group
exclusion,the act of keeping someone out of a group
exclusively,only and not shared with anyone else
excursion,a short trip taken for pleasure
execute,to carry out a plan; to kill as punishment
execution,the carrying out of a plan; a killing as legal punishment
executive,relating to managing a company
exhaust,waste gas that comes out of an engine
exhausting,making you very tired
exhaustion,a feeling of being very tired
exhibit,to show something to the public
exile,a period of being forced to live away from home
existing,already present now; current
exotic,unusual and from a faraway country
expansion,the act of becoming bigger
expectation,a strong belief that something will happen
expected,thought likely to happen or arrive
expedition,a long trip to explore a place
explode,to burst suddenly with great force
exploit,to use someone or something unfairly for your own gain
explorer,a person who travels to discover new places
explosive,able to burst violently
export,a product sold to another country
expressive,showing feelings clearly
exquisite,extremely beautiful and delicate
extension,an added part that makes something longer
extensive,covering a large area or amount
external,on or from the outside
extract,a short part taken from a book or film
extraordinarily,very unusually; remarkably
exultant,filled with great joy after success
eyebrow,the line of hair above an eye
eyelash,a short hair growing at the edge of the eye
eyelid,the skin that covers an eye when closed
fabric,cloth used to make clothes
fabulous,wonderful; extremely good
facilitate,to make something easier to do
facilities,buildings or equipment provided for a purpose
factor,something that helps cause a result
faculty,a department of a university; a natural ability
faith,strong trust in someone or something
falter,to become weak or unsteady while doing something
fame,the state of being known by many people
familiarize,to make yourself know something well
fantastically,extremely; in a wonderful way
fascinated,very interested in something
fascination,a strong interest in something
fatal,causing death; extremely dangerous
fate,the power believed to control future events
father-in-law,the father of your husband or wife
faulty,not working correctly
fearsome,very frightening because of great size or power
feat,an act that needs great skill or strength
fed up,annoyed and tired of something (informal)
federal,relating to the central government of a group of states
feedback,comments about how well something worked
ferryboat,a boat that carries people across water
fiber,a thin thread that forms cloth or plant tissue
fictional,invented for a story; not real
fierce,very strong and aggressive
fighting,a violent struggle between people
figurative,used with a meaning other than the literal one
filial,relating to a son or daughter's duty (formal)
financially,in a way related to money
finely,into very small pieces; in a delicate way
fingernail,the hard part at the tip of a finger
fire brigade,a group of people trained to stop fires
firearm,a weapon such as a gun
fireplace,a place in a room where a fire burns
firmness,the quality of being solid or determined
first language,the language you learn from birth
first person,the grammatical form used to refer to yourself
firstly,before anything else
fiscal,relating to government money or taxes
fixed,not able to be changed
flame,the bright hot part of a fire
flap,to move up and down quickly
flaw,a mistake or weak point in something
flawless,perfect; without any mistake
flax,a plant used to make cloth and oil
flee,to run away from danger
fleet,a group of ships or vehicles owned together
flesh,the soft part of a body under the skin
flexibility,the ability to change or adapt easily
flexible,able to change or bend easily
flexibly,in a way that can change easily
flip,to turn something over quickly
fluency,the ability to speak smoothly and easily
fluid,able to flow like a liquid; likely to change
flutter,a quick light movement of wings
follower,a person who supports or copies someone
folly,a very foolish action
fondly,with warm affection
foolishly,in a silly way that shows poor judgment
footnote,a short note at the bottom of a page
forcefully,with strong power or determination
foreman,a person who leads a team of workers
foresee,to know something will happen before it does
forestry,the science of growing and caring for trees
formation,the way something is arranged or shaped
formerly,at an earlier time; in the past
formidable,very impressive or hard to deal with
forthcoming,about to happen soon
foul,very dirty or smelly; against the rules
found,to start an organization or institution
fox,a small wild animal with a bushy tail
fragrance,a pleasant smell
frankly,speaking honestly and directly
frantically,in a wild and hurried way caused by fear
fraud,the crime of lying to gain money
freak,to become suddenly very upset or excited (informal)
friendly,kind and pleasant toward others
frigate,a fast warship
frontier,the border between two countries; the edge of knowledge
frugal,careful not to spend too much money
fulfill,to do or achieve what was promised
fume,a strong-smelling gas or smoke
functional,working properly; useful
functionality,the range of things a machine can do
fundamental,forming a basic and necessary part
funk,a type of rhythmic dance music
funky,modern and stylish in an unusual way (informal)
furious,extremely angry; very mad
furiously,in a very angry way
furor,a sudden outburst of public anger
gaiety,a feeling of cheerful fun
gambling,risking money on games of chance
gang,a group of people who cause trouble together
gangster,a member of a group of violent criminals
gardener,a person who takes care of plants
gasp,a short quick breath of surprise
gateway,an entrance or way into a place
gaudy,too brightly colored or decorated
gaze,a long steady look
gear,equipment needed for an activity
generalization,a broad statement based on limited examples
generalize,to make a broad statement about a whole group
generosity,the quality of giving freely
generously,in a giving and kind way
genius,a person with extremely great ability
genre,a category of art or writing
gently,in a soft and careful way
genuine,real and true; not fake
genuinely,in a true and honest way
geographic,relating to the features of the earth's surface
germ,a tiny living thing that causes illness
getaway,a quick escape; a short holiday
ghetto,a poor area of a city
giveaway,something offered for free; a clue that reveals a secret
glacis,a sloping bank in front of a fort
glamorous,attractive and exciting in a stylish way
glare,an angry fixed look; strong unpleasant light
gleam,a small bright flash of light
glee,a feeling of great delight
global warming,the gradual rise in the earth's temperature
globally,across the whole world
glocal,considering both worldwide and local needs
gloomy,dark and sad
glorify,to praise something as very great
glow,soft steady light from something
goat,a horned farm animal giving milk
god,a being people worship as holy
godly,very religious and good
goodwill,friendly kind feelings toward others
gook,a sticky messy substance (informal)
gorge,a deep narrow valley between hills
governmental,about a nation's leaders and administration
gracefulness,a smooth attractive way of moving
gradual,happening slowly over time
grain,small seeds from crops like wheat
grand,large and impressive
graphically,vividly and in detail; using charts or diagrams
grasp,a firm hold with the hand; an understanding of something
gravestone,a stone marking a burial place
gravitation,the natural force pulling objects together
greatness,the quality of being excellent
grief,deep sadness after a loss
grieve,to feel sad about a loss
grim,serious and unpleasant; without hope
grin,a wide happy smile
grip,a tight hold on something
gross,total before deductions; disgusting (informal)
growing,becoming bigger or more common
grown-up,typical of an adult
guerrilla,a fighter in an unofficial army
guideline,advice on how to act
gulp,a quick big swallow
gum,a soft chewy sweet; (mouth) flesh around teeth
gunshot,the sound of firing a weapon
guts,courage to do something hard; (body) inner organs
gymnastic,about exercises using strength and balance
habitant,a person living in a place
hail,to wave down a taxi; to praise someone highly
hairy,having a lot of body fur
handicap,a condition limiting someone's abilities
handicraft,objects skillfully made without machines
handout,a printed sheet of information; free aid for the poor
handrail,a bar held while on stairs
hard drive,a computer part that stores data
hardware,the physical parts of a machine; tools for the home
harmless,unable to cause damage or hurt
harrow,a farm tool that breaks soil
haste,great speed or hurry
hastily,done in a great hurry
hatching,a baby animal leaving its egg
haunting,hard to forget because it's moving
hay,dried grass used to feed animals
hazardous,dangerous to health or safety
headquarters,the main office of an organization
health care,services that treat and prevent illness
heap,an untidy pile of things
heartbreaking,causing great sadness
heartwarming,making you feel happy and moved
hedge,a border made of bushes
helicopter,an aircraft with spinning rotor blades
hell,a place of suffering after death (religion)
helper,a person who assists someone
hemp,a plant grown for fiber
herb,a plant used for flavor
heritage,traditions passed down over time
hesitation,a pause caused by doubt
high-tech,using the newest machines and methods
hijack,illegally taking control of a vehicle
hilarious,extremely funny; very amusing
hint,a small helpful clue
holder,a thing that contains something; an owner of something
hollow,having empty space inside
holocaust,the mass killing of very many people
homeward,traveling back to where you live
hone,a stone used to sharpen blades
honorable,deserving respect for honesty and fairness
hood,a head covering on a coat; (car) engine cover
hook,curved metal for hanging things
hospice,a home for the dying
hospitable,friendly and welcoming to guests
hospitality,friendly kind treatment of guests
hospitalize,to admit someone into medical care
hourly,happening once every sixty minutes
housekeeper,a paid cleaner and home manager
housemaster,a teacher running a school dorm
housewife,a woman managing the home full-time
hover,to float in the air motionless
hugely,to a very great degree
human rights,the basic freedoms every person deserves
humane,kind and caring toward suffering others
humanist,a person who values people's wellbeing more than religion
humanize,to make something more caring
humble,not proud about your own abilities
humbug,talk meant to trick people
humiliate,to make someone feel ashamed publicly
humiliating,causing someone to feel deeply ashamed
humiliation,a strong feeling of public shame
hunting,chasing and killing wild animals
hush,to make someone become quiet
hybrid,made by combining two different kinds
hygiene,habits that keep you clean
hyperbole,exaggerated speech not meant literally
hyphen,a short line joining two words
iceman,a man delivering frozen water blocks
icon,a small screen picture symbol; a widely admired famous person
icy,covered with frozen water; extremely cold
ideally,in the best possible situation
identical,exactly the same as another
identification,a document proving who you are
identify,to recognize and correctly name something
ideology,a set of political beliefs
idiot,a very foolish person
idle,not working or being used
idolize,to admire someone extremely strongly
ignorance,a lack of knowledge about something
ignorant,lacking knowledge or information
illustrate,to explain using pictures or examples
illustration,a picture in a book; an example that explains something
imagery,words that create mental pictures
imitation,a copy of the original
immerse,to put something fully into liquid; to become fully involved
immigrant,someone living in a new country
immoral,not following rules of right behavior
immortal,living or lasting forever
immortality,the state of living forever
impartial,not favoring one side over another
impatiently,without wanting to wait
imperative,an urgent essential need; a verb form giving orders
impermanent,not lasting forever
implement,a tool used for a task
implication,something suggested but not directly stated
imply,to suggest without stating directly
impolite,not having good manners
impolitely,without good manners
import,to bring goods in from abroad
impose,to force a rule on someone
impossibility,something that cannot happen
impractical,not sensible or realistic to do
impressed,feeling admiration for something
impressionism,art style capturing light and mood
impressionist,an artist capturing light and mood; a comedian who copies people
imprison,to put someone in a jail
imprisonment,the state of being jailed
improbable,not likely to happen
improperly,not in the correct way
improved,made better than before
impulse,a sudden urge to act
impulsive,acting suddenly without thinking first
inaccurate,not correct or exact
inadequate,not enough or not good enough
inanimate,not alive; without life
inborn,present from someone's very start
incense,a substance burned for its smell
incentive,a reason that encourages you to act
incur,to bring a cost or penalty on yourself
incurable,impossible to heal or fix
indebted,owing thanks or money to someone
indent,to start a line further from the margin
independently,without help from others
indescribable,too great or strange for words
index,a list of topics at the back of a book
indifferent,not caring either way about something
indignity,a treatment that makes you feel disrespected
indispensable,so useful that you cannot do without it
indulge,to let yourself enjoy something freely
indulgent,too generous or lenient with someone
industrialize,to build large factories across a country
ineffective,not producing the result you want
inert,not moving or reacting to anything
inexperienced,having little skill or practice at something
infant,a very young child; a baby
infect,to pass a disease to someone or something
infected,carrying germs that cause illness
infectious,able to spread easily from person to person
infer,to work something out from clues or hints
inference,a conclusion reached from clues or facts
inflammation,redness and swelling on part of the body
inflammatory,causing anger; causing redness and swelling
inflate,to fill something with air or gas
inflation,a general rise in prices over time
influential,having a strong effect on people or events
influenza,a serious illness like a bad cold
informal,relaxed and not following strict rules
infringe,to break a rule or someone's rights
infringement,an act of breaking a rule or right
inhabit,to live in a place
inherit,to receive money or property when someone dies
initiative,a new plan to solve a problem
injection,a shot of medicine given with a needle
injured,hurt in an accident or attack
innate,present in you from birth
innocently,without meaning any harm
innovation,a new idea or invention
innovative,using new and original ideas
input,information or help given to something
inquire,to ask for information
inseparable,always together; impossible to keep apart
inspect,to look closely at something to check it
inspector,someone whose job is to check things are correct
inspirational,making people want to achieve great things
instantly,right away; at once
instill,to slowly teach someone a belief or feeling
instinct,a natural feeling that guides your behavior
institution,a large organization such as a school or bank
instruct,to tell someone how to do something
insufficient,not enough for what is needed
insult,a rude remark meant to upset someone
integrate,to join separate parts into one whole
intellectual,connected with serious thinking and study
intent,very focused on doing something
interactive,responding to what a user does
interfere,to get involved in something that is not your business
interior,the inside part of something
interpersonal,relating to relationships between people
interpret,to explain what something means; to translate spoken words
interpretation,an explanation of what something means
interpreter,someone who translates spoken words for others
interruption,something that stops an activity for a while
intersection,a place where two roads cross
intimate,very close and personal
intransitive,(grammar) not taking a direct object
intravenous,given directly into a vein
intrude,to enter a place without being welcome
intruder,someone who enters a place without permission
intrusion,an unwanted entry into a place or situation
invariable,always the same; never changing
invariably,always; every time
inventor,someone who creates something new
inverted commas,punctuation marks used to show quoted words
investigate,to find out the facts about something
investigator,someone whose job is to find out facts about a crime
investment,money put into something to earn more later
investor,someone who puts money into a business to earn profit
invisible,impossible to see
invitingly,in a way that looks attractive or welcoming
invoke,to mention a law or idea to support an argument
involvement,the fact of taking part in something
ironically,in a way opposite to what you expect
irrational,not based on clear thinking or logic
irresistible,so attractive that you cannot say no
irresistibly,in a way that you cannot stop or refuse
irresponsible,not thinking about the results of your actions
irritated,feeling slightly angry
irritating,making you feel annoyed
irritation,a feeling of slight anger
islander,someone who lives on a piece of land surrounded by water
italicize,to print words in a slanted style
itch,to feel a need to scratch your skin
jaw,the bone that forms the shape of your mouth
jealously,in a way that shows you want what others have
jeopardize,to put something at risk of harm
jeweler,someone who makes or sells rings and necklaces
journalism,the job of writing news for papers or TV
judo,a sport where you throw your opponent to the ground
junk food,cheap meals or snacks that are not healthy
juror,a member of a group that decides a court case
jury,a group of people who decide if someone is guilty
justify,to give good reasons for something
kangaroo,a large Australian animal that jumps on its back legs
karaoke,singing along to recorded music for fun
keen,very eager or interested
keeper,someone who looks after animals or a place
kerosene,a type of fuel used for lamps or heaters
keystroke,the act of pressing one button on a keyboard
kneel,to go down on your knees
knot,a tight loop tied in string or rope
knowingly,while fully aware of what you are doing
known,familiar to many people
label,a small tag with information on it
laborer,someone who does hard physical work for pay
lame,unable to walk normally; weak and not convincing
lance,a long pole with a sharp point used by riders
landing,the flat area at the top of stairs; arrival on the ground
landlady,a woman who rents out rooms or houses
landslide,a mass of earth and rocks falling down a hill
lap,the top of your legs when sitting; one circuit of a track
laptop,a small computer you can carry around
lark,a small brown bird that sings while flying
laser,a thin strong beam of light used in tools
last minute,the final moment before something happens
lastly,as the final point
last-minute,done at the final moment before something happens
laundry,clothes that need washing or have just been washed
lava,hot melted rock that flows from a volcano
lawmaker,a politician who creates new rules for a country
lawn,an area of short cut grass
lawsuit,a legal case brought to a court
layabout,a lazy person who avoids work
leaflet,a small printed sheet giving information
leak,a hole that lets liquid or gas escape
learning,the process of gaining knowledge or skill
lease,a legal agreement to rent property
leash,a rope or strap used to control a dog
lecturer,someone who teaches at a college or university
leek,a long green and white vegetable related to onions
legend,an old story passed down through generations; a famous person
legendary,extremely famous and admired
legislate,to make official laws
legislation,a set of laws made by a government
legislative,relating to the making of laws
legislator,a person who helps make laws
legislature,a group of people with power to make laws
legitimate,allowed by law or accepted as reasonable
leisurely,in a relaxed unhurried way
lengthen,to make something longer
lengthy,taking a long time
leopard,a large wild cat with spots
lest,in case something bad happens
liberal,open to new ideas; tolerant
lick,to pass your tongue over something
lid,a cover for a container
lifeless,not alive; without energy
lifetime,the whole time someone is alive
lighten,to make something brighter or less heavy
lighting,artificial illumination used in a room
likewise,in the same way; also
limb,an arm or a leg
linen,cloth made from a plant fiber
liner,a large passenger ship
ling,a long thin edible sea fish
linger,to stay somewhere a little longer
listener,a person who pays attention to sounds
literal,exact; not symbolic or exaggerated
literally,in an exact sense; not as a metaphor
litter,trash left in a public place; a group of baby animals
loan,money borrowed that must be paid back
lobby,a large entrance hall in a building
loneliness,the feeling of being alone and sad
long-distance,traveling or communicating across far away places
long-term,lasting far into the future
loosely,without being held tightly
lousy,very bad or poor quality (informal)
lower,to move something down
lowland,flat area of land near sea level
lucrative,producing a lot of money
lush,green and growing thickly
luxurious,very comfortable and expensive
lyrics,the words of a song
madam,a formal polite way to address a woman
madame,a French title for a married woman
madness,extreme foolish or crazy behavior
maestro,a skilled music conductor or expert
magnify,to make something look bigger
malady,an illness or disease
malaria,a disease spread by mosquitoes
mama,an informal word for mother
mango,a sweet tropical fruit
manipulate,to control someone or something unfairly
mansion,a very large expensive house
manual,done by hand rather than machine
manufacture,the process of making goods to sell
manufacturer,a company that produces goods for sale
manufacturing,the business of making goods in factories
marathon,a very long running race
margin,empty space at a page's edge; a small amount
marketing,the business of promoting and selling products
martial art,a traditional form of fighting practiced as a sport
mask,a cover worn over the face
massacre,the violent killing of many people
massage,rubbing someone's body to relax muscles
masseur,a person trained to rub and relax muscles
master,someone highly skilled at something; an owner
masterpiece,an outstanding work of art
mastery,complete skill or knowledge of something
mate,a friend (informal); a partner for breeding
mathematical,relating to numbers and calculation
mature,fully grown or emotionally adult
mausoleum,a large tomb building
means,a method used to do something; money or income
mechanize,to replace manual work with machines
media,TV radio newspapers and the internet
medication,medicine used to treat illness
medieval,from the Middle Ages period
mediocre,only average; not very good
melody,a pleasant series of musical notes
memorial,something built to remember a person or event
mentor,an experienced person who advises and trains someone
merchandise,goods that are bought and sold
mercy,kindness shown to someone you could punish
merge,to combine two things into one
merger,the joining of two companies into one
messenger,a person who delivers information for someone else
metaphor,a word that represents something else it is not
metric,based on units of ten such as meters
micro,an extremely small size or amount
microbe,an extremely tiny living thing invisible to the eye
microcomputer,a small machine that processes data for personal use
micrometer,a tool used to measure very small distances
microorganism,a living thing too tiny to see with the naked eye
microphone,a device that captures and transmits sound
microscope,a tool used to view extremely tiny objects
microscopic,far too small to see with just your eyes
microscopy,the science of viewing tiny things with lenses
microwave,a kitchen appliance that heats food quickly
midst,the middle of a place or situation
mighty,very strong or powerful
migration,movement of people or animals from place to place
mill,a building where grain becomes flour; a factory
millimeter,a very small unit of length
millionaire,an extremely wealthy person
mimic,a person who copies others' behavior for fun
miniature,extremely small; much smaller than the usual size
minister,a senior official in a government
mint,a fresh-tasting herb; a place where coins are made
misconception,a false belief about something
misfortune,bad luck; something unlucky that happens
misleading,giving a false impression
missile,a weapon that flies to hit a target
mist,thin fog made of tiny water drops
mistreat,to be cruel or unfair to someone
mistrustful,doubtful and suspicious of other people
misunderstand,to get the wrong idea about something someone said
mixture,a combination of different things
mobility,the ability to move freely
mock,not real; done as practice
modernization,the process of updating something with newer methods
modernize,to make something more up to date
modest,humble about your talents; fairly small in size
modification,a small change made to something
mogul,a very powerful and wealthy businessperson
mold,a fuzzy fungus on old food; a shape for casting objects
momentarily,for a very short time; right away
momentary,lasting only a very short time
monastery,a building where monks live and pray
moody,having emotions that change suddenly
moonlight,the soft light seen at night outdoors
moonscape,a landscape as empty and rocky as outer space
morality,beliefs about what is right and wrong
morally,in a way related to right and wrong
mortal,certain to die eventually; deadly
mortar,a paste used to join bricks; a type of cannon
mortgage,a loan used to buy a house
mortify,to make someone feel deeply embarrassed
mother-in-law,your spouse's female parent
motion,the act of moving; a formal proposal
motivated,having a strong desire to do something
motorbike,a two-wheeled vehicle powered by an engine
motorist,a person who drives a car
mournful,expressing deep sadness
mover,someone whose job is carrying furniture to a new home
moving,causing strong emotion; touching
muddy,covered in wet soft dirt
multiple,more than one; several
multiply,to increase in number; to combine numbers by adding repeatedly
mumble,speech that is quiet and hard to understand
murmur,a soft low continuous sound
muse,to think deeply about something
mustache,hair grown above the upper lip
mutability,the quality of being likely to change
mutable,likely or able to change
mutter,quiet speech said under someone's breath
mutton,meat from an adult sheep
mystify,to confuse or puzzle someone completely
nano,one billionth of something; extremely tiny size
narcissistic,loving yourself too much
narrator,the person who tells a story
narrowly,only just; by a small amount
nationwide,across an entire country
native speaker,someone raised with a language
naughty,behaving badly (especially a child)
naval,relating to a country's warships
navigate,to find your way somewhere
navigation,the act of finding your way
navy,a country's fleet of warships
neat,tidy and well arranged
necessarily,as a certain or expected result
necessity,something you must have
needless,not needed at all
needy,lacking money or basic care
negatively,in a bad or harmful way
neglect,failure to take care of someone
neighboring,located close by or next to
neither,also not (after a negative)
nerve,a body fiber carrying signals; courage
nerves,feelings of worry before an event
nervously,in a worried or anxious way
netsurfer,someone who browses the internet often
neurosis,a mental illness causing constant anxiety
newscaster,a person who reads TV news
newsworthy,interesting enough for the news
nicely,in a pleasant or kind way
nightclub,a place for dancing at night
nightmare,a frightening dream; a terrible experience
nobility,people of very high social rank
noble,having very fine moral character; of very high social rank
nobleman,a man of high rank
nomad,a person with no fixed home
nomination,suggesting someone for an award
nominee,a person suggested for an award
nonprofessional,not done by a trained expert
non-smoking,not allowing cigarettes to be lit
northward,moving toward the north
nostril,an opening in your nose
nought,the number zero
nourish,to give food needed to grow
nourishment,food needed to live and grow
novelty,being new and different
nuisance,an annoying person or thing
numerical,relating to figures rather than words
nursery,a place for young children; a place where plants are grown
nut,a hard-shelled seed you can eat
nutshell,the hard shell of a nut
oath,a serious formal promise
obedience,doing what you are told
obedient,always doing what you are told
obey,to do what someone tells you
obituary,a newspaper notice about someone's death
obligation,something you are required to do
observer,a person who watches something carefully
obsess,to think about something constantly
obsession,an idea that controls your thoughts
obsessive,unable to stop thinking about something
odd,strange or unusual; not divisible by two
offend,to make someone feel upset
offender,a person who breaks the law
offense,a crime; a feeling of being upset
offhand,without careful thought; casually
offshore,located far out at sea
ointment,a healing cream for skin
olive,a small fruit used for oil
Olympia,an ancient Greek site for games
Olympiad,an international contest every four years
openly,without hiding your feelings
operator,a person who runs a machine; a phone line worker
opponent,a person you compete against
optimism,a belief in good outcomes
optimist,someone who expects good outcomes
optimistic,expecting good things to happen
optional,not required; free to choose
orator,a skilled public speaker
orchestral,played by many musicians together
orchid,a colorful and delicate flowering plant
organizer,a person who arranges events
originality,being new and not copied
originally,at first; in the beginning
originate,to begin or come from somewhere
ornament,a small decorative object
ounce,a small unit of weight
outback,remote countryside far from cities
outbreak,a sudden start of disease; a sudden rise in violence
outcome,the result of an event
outdistance,to move far ahead of others
outdo,to do better than someone else
outfit,a set of clothes worn together
outgrow,to grow too big for something
outing,a short trip taken for fun
outlet,a socket for electrical plugs; a shop selling goods directly; a way to express feelings
outlive,to live longer than someone else
outlook,your general attitude toward life; future prospects
outpatient,a patient treated without staying overnight
output,the amount something produces
outrage,strong anger and shock
outrageous,shockingly unacceptable or extreme
outshine,to be far better than others
outsider,someone not part of a group
outskirts,the outer edges of a town
outwardly,as it appears on the surface
oval,shaped like an egg
overall,including everything; general
overboard,off a boat into water; to an extreme degree
overbook,to accept too many bookings
overcoat,a long heavy coat for outdoors
overemphasize,to stress something too much
overestimate,to guess a number too high
overhear,to hear something by accident
overlap,a part shared by two things
overlook,to fail to notice something; to have a view over
overly,too much; excessively
overshadow,to make something seem less important
oversize,bigger than the usual size
overstep,to go beyond an acceptable limit
overtake,to pass a vehicle ahead
overthrow,to remove a ruler by force
overtime,beyond the usual working hours
overturn,to turn something upside down; to officially cancel a decision
ow,a sudden cry of pain
owing to,because of; as a result of
owl,a bird that hunts at night
ox,a large farm animal for pulling
ozone,a gas that protects Earth
pa,an informal word for father
packed,very full of people or things
packet,a small bag or container
pad,a block of paper for writing; a soft flat cushion for protection
paintbrush,a brush used to apply paint
pajamas,loose clothes worn for sleeping
pallet,a wooden platform for goods
pancake,a thin fried flat cake
pandemic,affecting many countries at once (disease)
panel,a flat piece of material; a group of experts
papaya,a sweet orange tropical fruit
paperless,using computers instead of paper
paperwork,documents needed for a job
parade,a public march through the streets
paradox,a statement that contradicts itself
paralysis,loss of ability to move
paramedic,relating to emergency medical treatment
paratrooper,a soldier who parachutes from planes
parliament,the people who make national laws
participation,taking part in an activity
particle,a very small piece of matter
particular,specific rather than general; especially notable; very fussy about details
partisan,a strong supporter of a cause
partnership,a relationship where people work together in business
passionate,having very strong feelings about something
passionately,with very strong feeling
pastor,a leader of a Christian church
pastoral,relating to the countryside; relating to spiritual guidance
patch,a small piece covering a hole; a small area of land
patiently,without getting annoyed while waiting
patriot,a person who loves and supports their country
patriotic,showing strong love for one's country
patriotism,strong love and support for one's country
patron,someone who financially supports a cause; a regular customer
pave,to cover a road with a hard flat surface
pavement,a hard path beside a road for walking
paw,the foot of an animal such as a dog or cat
pawnbroker,a person who lends money in exchange for objects
pawnshop,a shop where you leave items to borrow money
payment,an amount of money given for something
peacefully,in a calm and quiet way
peach,a soft round orange-pink fruit
peak,the highest point of something
pearl,a small round white jewel from the sea
pebble,a small smooth stone
pedal,a part you push with your foot to work a machine
pedantic,too focused on small details or rules
pedestrian,a person walking on a street
pee,to get rid of liquid waste from the body (informal)
peel,the outer skin of a fruit or vegetable
peep,a quick or secret look
peer,a person of the same age or status as you
peg,a small hook or clip for hanging things
penalize,to punish someone for breaking a rule
penalty,a punishment given for breaking a rule
penetrate,to go into or through something
penguin,a black and white sea bird that cannot fly
penicillin,a medicine that kills harmful bacteria
pension,money paid regularly to someone after they stop working
pentagon,a shape with five sides
perceive,to notice or understand something
percentage,an amount shown as part of a hundred
perception,the way someone understands or sees something
permanence,the state of lasting forever
permeate,to spread through every part of something
perseverance,great effort to keep trying despite problems
persist,to continue doing something despite difficulty
persistence,the quality of continuing firmly despite problems
persistent,continuing firmly despite difficulty or opposition
personification,giving human qualities to a thing or idea
personify,to represent an idea or thing as human
personnel,the people who work for an organization
perspective,a particular way of thinking about something
perspiration,sweat produced by the body
persuasion,the act of making someone believe or do something
pessimist,a person who expects the worst to happen
pessimistic,expecting bad things to happen
petrified,extremely frightened
petty,not very important; overly concerned with small things
pH,a measure of how acidic or basic a liquid is
pharmacist,a person trained to prepare and sell medicine
phase,a stage in a process of change
philosophical,relating to the study of ideas about life
physician,a doctor who treats illness
pi,a number used to calculate the size of circles
pickle,a vegetable preserved in vinegar
picky,very careful about choosing only what you like
picturesque,pretty in a charming old-fashioned way
pillowcase,a cloth cover for the soft cushion you rest your head on
pine,a tall evergreen tree with thin sharp leaves
pint,a unit for measuring liquid
piracy,attacking ships to steal goods; illegal copying of creative work
pirate,a person who attacks and robs ships at sea
pitch,a field marked for playing a sport
plague,a disease that spreads quickly and kills many people
planning,the process of deciding steps for something in advance
playmate,a friend who joins a child in games
playwright,a person who writes stories performed in a theatre
plead,to ask for something in a very serious way
plot,the main events of a story; a small piece of land
pluck,to pull something out quickly with force
plum,a soft round fruit with dark purple or red skin
plumber,a person who fixes water pipes and taps
pneumonia,a serious illness affecting the lungs
point of view,a way of thinking about a situation
pointless,serving no useful purpose
polar bear,a large white Arctic animal that hunts on ice
polio,a serious disease that can cause paralysis
polish,a substance used to make something shiny
politeness,good manners and respect shown to others
politically,in a way connected with government and public affairs
polity,a form of organized government or society
polo,a sport played on horseback with a stick and ball
ponder,to think about something carefully for a while
popularity,the state of being liked by many people
popularize,to make something widely liked or known
porch,a covered entrance area outside a house
portion,a part or amount of something
pose,a particular way of standing or sitting for a picture
posh,expensive and fashionable (informal)
possessed,controlled by an evil spirit; totally obsessed with something
postal,relating to the sending of letters and packages
postpone,to move an event to a later time
potent,very strong or powerful in its effect
potentially,possibly in the future; under the right conditions
powerfully,with great strength or force
practicality,the quality of being useful and sensible
practically,almost completely; in a sensible realistic way
prance,a lively jumping way of moving
prawn,a small shellfish eaten as food
precede,to happen or exist before something else
precisely,exactly and with great accuracy
predicament,a difficult or embarrassing situation
predicate,to base something on a particular condition
predicative,describing a word placed after a linking verb (grammar term)
predictable,able to be known or guessed in advance
predictive,able to show what is likely to happen next
predictor,something used to show what will happen next
prefect,a student given special authority at school
preferable,better or more suitable than another option
preferably,ideally; if at all possible
prehistoric,from a time before people began writing things down
prehuman,an early ancestor that lived before modern people
preindustrial,from before factories and machines were common
prejudge,to form an opinion before knowing all the facts
preliminary,happening before the main part of something
preoccupy,to fill someone's mind completely with worry
prescribe,to officially tell a patient what medicine to take
presenter,a person who introduces a show on TV or radio
presidency,the position or term of a country's leader
presidential,relating to the leader of a country
prestige,respect and admiration gained through success
prestigious,highly respected and admired
presumably,probably; as one would reasonably expect
prevail,to win in the end; to be the most common
prevention,the act of stopping something bad from happening
preventive,meant to stop something bad from happening
previously,at an earlier time; before now
priceless,extremely valuable beyond measure
prick,a small painful mark made by a sharp point
primary,most important or basic; first in order
prime,most important; best in quality
prime minister,the leader of the government in some countries
prior,happening or existing before something else
priority,something treated as more important than other things
privately,not in front of other people; secretly
privilege,a special right given to a certain person or group
probable,likely to be true or to happen
probe,a careful investigation; a tool for exploring
procedure,a set of steps for doing something correctly
profile,a short description of a person's details or background
profit,money gained after all costs are paid
profitable,bringing in more money than it costs
programmer,a person who writes code for computers
programming,the activity of writing code for computers
prohibit,to officially forbid something
project,a planned task or piece of work
projection,an estimate of a future amount or trend
prom,a formal dance for school students
prominence,the state of being well known or important
prompt,done quickly without delay
promptly,without any delay
proponent,a person who supports an idea
proposed,suggested as a plan for the future
prose,ordinary written language not poetry
prosecute,to take legal action against someone in court
prospect,a possibility of something happening later
prosper,to become successful and do well
proudly,in a way that shows self-satisfaction
proven,shown to be true or effective
province,a large region within a country
provision,the act of supplying something that is needed
proximity,closeness in space or time
psychologically,in a way that relates to the mind and emotions
psychology,the scientific study of the mind and behavior
publication,a book or magazine that has been printed
publicity,attention and fame given to someone or something
publicize,to make something known to many people
pudding,a sweet dish eaten after a meal
pulse,the regular beat felt in your wrist
pumpkin,a large round orange vegetable
punch,a hit made with a closed hand
punctual,arriving at the exact expected time
punctuality,the quality of arriving on time
purchase,something bought; an act of buying
purposeful,having a clear aim or goal
pursuit,an attempt to achieve or catch something
puzzled,confused and unable to understand something
qualification,a skill or exam result needed for a job
quantify,to express something as an exact number
quarantine,a period of isolation to stop disease spreading
quarrel,an angry argument between people
quarrelsome,often arguing with other people
queer,strange or odd; not heterosexual (identity term)
query,a question asking for information
quotable,worth being repeated as a saying
quotation,words copied exactly from another source
quote,words repeated exactly from someone else
racism,unfair treatment of people because of their race
racist,a person who treats others unfairly based on race
rack,a frame used for holding things
radar,a device that finds objects using radio waves
radiate,to send out heat or light
radical,a person with extreme political views
radically,in a very extreme or complete way
radium,a rare radioactive metal element
rafter,a wooden beam that supports a roof
rag,a piece of old cloth for cleaning
rainbow,an arc of colors seen after rain
rainstorm,a period of heavy rain
rally,a large public meeting for a cause
ram,an adult male sheep
ramp,a sloped path joining two levels
ranger,a person who protects a park or forest
rape,the crime of forcing someone into sex
rash,acting too quickly without thinking
rattle,a toy that makes a shaking noise
ravage,severe damage caused by something destructive
reaction,a response to something that happens
readily,easily and without hesitation
real estate,property such as land and buildings
realization,the moment of understanding something clearly
rear,located at the back of something
reasonably,to a fairly acceptable degree
rebel,a person who fights against authority
rebellious,refusing to obey rules or authority
recession,a period when the economy shrinks
recipe,instructions for cooking a dish
reckon,to think or believe something; to guess roughly
recognition,public praise given for an achievement
recollect,to remember something from the past
recollection,a memory of something from the past
recommendable,worth suggesting to other people
recommendation,a suggestion that something is good
reconsider,to think again about a decision
recreation,activities done for enjoyment in free time
recruit,to persuade someone to join a group
rectangular,having four sides and four right angles
redo,to do something again
redundant,no longer needed; more than necessary
reed,a tall grass that grows near water
reference,a mention of a source; a person who recommends you
referent,relating to what a word or symbol represents
refinery,a factory that purifies raw materials like oil
reflective,thinking deeply and carefully about something; able to show a mirror image
reform,a change made to improve a system
refrain,a phrase repeated in a song
refresh,an act of making something new again
refuge,a safe place away from danger
refugee,a person forced to leave their country
refute,to prove that something is wrong
regardless,without being affected by anything else; in any case
reggae,a style of music from Jamaica
regime,a system of government or rule
regrettably,in a way that causes disappointment
regulate,to control something using rules
rehearsal,a practice session before a real performance
reinforce,to make something stronger
reinforcement,something added to make a thing stronger
rejection,the act of refusing to accept something
rejoin,to join a group again
related,connected to something else
relativity,a scientific theory about space and time
relaxation,the state of resting without stress
relay,a race run in stages; a device that forwards a signal
relevant,connected to what is being discussed
relic,an old object from the past
relief,a feeling of comfort after worry ends
relieve,to make pain or worry less severe
relieved,feeling less worried after stress ends
reluctant,not willing to do something
remaining,left after everything else is gone
remains,parts left over after something ends; a dead body
remarkably,in a way that is very surprising
reminder,something that helps you remember
rental,something you pay to use temporarily
reorganize,to arrange something in a new way
repaint,a fresh layer of paint over an old one
repertoire,the range of works a performer can do
repetition,doing or saying something more than once
replacement,a person or thing that takes another's place
replica,an exact copy of something
repress,to hold back a strong feeling
repression,the act of controlling people or feelings by force
reprint,a new printed copy of an old book
reprove,to criticize someone for doing wrong
residence,a place where someone lives
resign,to officially quit a job
resignation,an official statement of quitting a job
resistance,the act of opposing or fighting against something
resolution,a firm decision to do something; the settling of an argument
resonant,having a deep clear ringing sound
respectably,in a socially proper and acceptable way
respected,admired and thought highly of by others
respiration,the process of breathing
respiratory,relating to breathing
restriction,a rule that limits what can be done
resume,to start something again after a pause
retailer,a business that sells goods to customers
retard,to slow down the progress of something
retina,the light-sensitive layer at the back of the eye
retirement,the time when someone stops working for good
retreat,a move backward away from danger; a quiet peaceful place
retrieve,to get something back
revelation,a surprising fact made known
revenge,harm done back to someone who wronged you
revenue,money earned by a business or government
reverence,deep respect and admiration
reverse,to make something go backward
revival,a return to popularity or use
revive,to bring back to life or use
revolution,a sudden big change in power or society
revolutionary,causing a huge and sudden change
revolutionize,to change something completely and greatly
revolve,to turn around a central point
rhinoceros,a large thick-skinned animal with a horn
rhyme,to end with the same sound
rhythmic,having a regular repeated beat or pattern
rib,one of the curved bones in your chest
rider,a person traveling on a horse or bicycle
ridge,a long narrow raised strip of land
righteousness,the quality of being morally good
rightly,in a correct or fair way
rim,the outer edge of something round
rip,to tear something quickly
risky,likely to cause harm or loss
rite,a formal religious or traditional act
ritual,a set series of actions done regularly
rival,a person who competes against another
roam,a slow walk through a place with no plan
roar,to make a loud deep sound
rocket,a vehicle that flies into space using fuel
rocky,full of large stones
roommate,a person you share a home with
rosy,pink in color; hopeful and positive
route,a path taken to reach a place
royalty,members of a king's or queen's family
rub,to move against a surface back and forth
rubble,broken stone from a destroyed building
rug,a thick piece of fabric for a floor
ruinous,causing great damage or loss
rural,relating to the countryside
rush hour,the busy time when people travel to work
rusty,covered with reddish decay on metal
sack,to remove someone from their job
sag,a downward droop in the middle
sage,a very wise person; a cooking herb
sail,to travel across water in a boat
salary,regular pay for a job
salesmanship,skill in persuading people to buy things
salesperson,a person whose job is to help people buy things
saleswoman,a woman whose job is to help people buy things
salon,a shop for hair or beauty care
salsa,a spicy tomato sauce; a lively dance style
salty,having a strong savory flavor
sandstone,a rock formed from many tiny packed grains
sanitary,clean and free from germs
sanitation,systems that keep places clean and healthy
satisfactory,good enough to meet a need
saving,money kept instead of spent
scandal,a shocking event that harms a reputation
scar,a mark left after a wound heals
scarcely,almost not at all
scarlet,a bright red color
scent,a smell especially a pleasant one
scheduled,planned to happen at a set time
scheme,a plan often a secret or dishonest one
scholasticism,a formal method of medieval religious study
schoolgirl,a young girl who attends classes
scientifically,in a way based on careful research and facts
scooter,a small vehicle with two wheels and a board
scramble,to crawl quickly over rough ground; to cook eggs by mixing them
scribble,fast careless writing or marks
scrooge,a person who hates spending money
scuba,gear for breathing underwater while diving
scythe,a tool with a curved blade for cutting crops
seal,a sea animal with flippers; an official stamp mark
seasonal,happening only at a certain time of year
second person,the grammatical form referring to 'you'
secondary,less important than the main thing
secondly,as the next point after the first
sector,a distinct part of an economy or area
seesaw,a playground board that goes up and down
segment,one part of something divided up
seldom,not very often
self-confidence,a strong belief in your own abilities
self-confident,sure of your own abilities
selfless,caring more about others than about yourself
seller,a person or company offering goods for money
semicolon,a punctuation mark used to join two related sentences
semi-final,a match that decides who reaches the last round
seminar,a small class for discussion on a topic
senator,a member of a national lawmaking council
sensible,showing good practical judgment
sensitive,easily affected or hurt by things
separately,apart from each other; not together
serene,calm and peaceful
serial,happening one after another in order
servant,a person employed to do household duties
setback,an event that delays or stops progress
sexism,unfair treatment based on a person's gender
sexual,relating to sex or physical attraction between people
sexy,very physically attractive
shabby,old and worn in appearance
shaken,upset or disturbed by a shock
Shakespearean,relating to a famous English playwright and his works
shaky,trembling or unsteady
sharply,in a sudden and strong way
shatter,to break suddenly into many small pieces
shed,a small simple building for storage
shield,a flat object used to block attacks
shipping,the transport of goods by sea or other means
shipwreck,a vessel destroyed at sea
shooting,an event where a gun is fired at someone
shopkeeper,a person who owns or runs a small store
shoplift,to steal goods from a store
shoplifter,a person who steals from stores
shoplifting,the act of stealing goods from a store
shortness,the quality of being small in height or length
short-term,lasting only a brief time
showbiz,the world of movies music and performing
showcase,an event that displays something's best qualities
shrink,(informal) a mental health doctor
shrug,to raise your shoulders to show doubt
significantly,in a large or noticeable amount
signify,to represent or stand for something
silverware,eating utensils made of metal
simplification,the act of making something easier to understand
simultaneous,happening at exactly the same time
sincere,honest and truly meant
sincerity,the quality of being honest and genuine
sister-in-law,your spouse's female sibling; your brother's wife
skateboard,a board with wheels for riding and tricks
skateboarder,a person who rides a board with wheels
sketch,to draw something quickly and roughly
skilled,having ability gained through training
skillful,very good at doing something
skillfully,in a very able and expert way
skim,to read quickly without close attention
skip,to jump lightly on your feet; to leave something out
skylark,a small brown bird known for its song
skyward,upward into the air
slam,to shut something loudly and with force
slang,very informal words used in casual talk
slap,a quick hit with an open hand
slash,a diagonal line mark; a long deep cut
slaughter,the killing of many people or animals
sliver,a small thin piece cut or broken off
sloppy,careless and untidy
smash,to break something violently into pieces
smokestack,a tall chimney on a factory or ship
snap,to break suddenly with a sharp sound
sneak,to move quietly and secretly
sneer,a look showing scorn or contempt
sniff,to breathe in air noisily through the nose
snore,a loud breathing sound made during sleep
snowball,a ball made of packed snow
soak,a period of leaving something in liquid
soaked,completely wet through
soaking,extremely wet with liquid
soar,to fly high smoothly in the sky
sob,to cry with loud gasping breaths
so-called,known by this name though maybe wrongly
sociable,friendly and happy to be with others
socialize,to spend time talking with other people
softness,the quality of being gentle and not hard
solar,relating to the sun
solidity,the quality of being firm and stable
soliloquy,a speech spoken alone by a character in a play
solo,done by one person alone
solvent,a liquid that can dissolve other substances
somewhat,to a small or moderate degree
son-in-law,the husband of your daughter
sonnet,a short poem with fourteen lines
sophisticated,very advanced and complex; showing refined taste
soundtrack,the music recorded for a film
southward,moving toward the south
Soviet,a person or thing from the former USSR
soybean,a bean used to make oil and food
spa,a place offering relaxing baths and treatments
span,to stretch across a distance or period
spare,extra and kept for use later
sparerib,a rib of pork cooked as food
spark,a tiny flash of fire or light
sparkling,shining with many tiny flashes of light
sparrow,a small common brown bird
specialty,a skill or product someone is known for
species,a group of related plants or animals
specifically,in an exact and particular way
specify,to state something in an exact way
spectacle,an impressive sight or public show
speeder,a driver going faster than allowed
spellbound,so fascinated you cannot look away
spin,to turn around quickly in circles
spite,a wish to hurt or annoy someone
splatter,a mark made by liquid thrown messily
spokesman,a man who speaks officially for a group
spokeswoman,a woman who speaks officially for a group
spray,tiny drops of liquid sent through the air
spreadsheet,a computer document with rows and columns of numbers
sprint,a fast run over a short distance
spur,something that encourages more effort or action
squad,a small team of people working together
squash,a hard-skinned vegetable; a racket sport in a court
squeeze,to press something firmly from all sides
stab,to push a sharp object into something
stability,the state of being steady and unchanging
stack,a neat pile of similar things
stagger,an unsteady walk as if about to fall
stain,a mark that is hard to remove
stake,a sharp post driven into ground; money risked in a bet
stammer,to speak with repeated pauses and sounds
standby,ready to be used if needed
standstill,a complete stop of movement or activity
stanza,a group of lines forming part of a poem
startle,to surprise someone suddenly and make them jump
starvation,severe suffering or death from lack of food
starve,to suffer or die from lack of food
starving,feeling extremely hungry
statesman,an experienced and respected political leader
statewide,across an entire state
statistics,facts and numbers collected and studied
steely,hard and very determined in manner
steer,to control the direction of a vehicle
steering wheel,the round wheel that controls a car's direction
stepfather,a mother's husband who is not your birth father
stepmother,a father's wife who is not your birth mother
stereotype,a fixed oversimplified idea about a group of people
stern,serious and strict in manner
stew,a dish of meat and vegetables cooked slowly in liquid
stiff,not easy to bend or move
stimulant,a substance that makes the body more active
stimulate,to encourage something to grow or become active
stimulation,the act of encouraging activity or interest
stingy,unwilling to spend or give money
stink,to smell very bad
stitch,a single loop of thread in sewing
stock,a supply of goods kept ready for sale
stock market,the place where company shares are bought and sold
stockpile,a large stored supply kept for future use
stonework,structures or parts of a building made of stone
stool,a seat with no back or arms
stopover,a short stay between parts of a journey
stopwatch,a device that measures exact time taken
straighten,to make something no longer bent or crooked
straightforward,easy to understand or do; simple
strait,a narrow strip of water joining two seas
strand,a single thin thread or piece of hair
strangle,to squeeze someone's throat to stop breathing
strictly,in a firm and exact way
stride,to walk with long confident steps
striking,very noticeable or impressive to look at
strive,to try very hard to achieve something
stroke,a sudden illness affecting the brain; a single movement in swimming
stubbornly,in a way that refuses to change
stylist,a person who cuts and shapes hair
subcontinent,a very large landmass smaller than a continent
subculture,a small group within society with its own customs
subdivision,a smaller part inside a larger area or plan
subjunctive,a grammar form used for wishes or hypothetical situations
submit,to give a document for official approval
subplot,a minor storyline within the main narrative
subside,to become gradually less strong or intense
substance,a particular kind of matter or material
subtitle,text on screen that translates or shows spoken words
subtle,not obvious and hard to notice
subtract,to take one number away from another
suburb,a residential area on the edge of a city
successive,following one after another without a break
suck,to pull liquid into the mouth using lips
sue,to take legal action against someone
suffering,great pain or hardship endured over time
sufficiently,to a degree that is enough
suitably,in a way that fits the situation well
sulfur,a yellow chemical element with a strong smell
sunbeam,a ray of light from the sun
superb,extremely good or impressive
superintendent,a person who manages and oversees an organization
supernatural,beyond what science can explain; magical
supervise,to watch over and direct people's work
supervision,the act of watching over someone's work
supervisor,a person who watches over others' work
supplement,something added to complete or improve a thing
supplier,a company or person that provides goods
suppress,to stop something from being shown or expressed
surge,a sudden strong increase or rush forward
surrender,to stop fighting and accept defeat
surroundings,the area and conditions around a place
surveillance,close watching of a person or place
suspend,to stop an activity for a while
suspicious,feeling that something may be wrong or dishonest
suspiciously,in a way that suggests something is wrong
sustain,to keep something going over a long time
swan,a large white water bird with a long neck
sweep,to clean a floor using a brush
swift,happening or moving very fast
swing,a hanging seat that moves back and forth
syllable,a single unit of sound in a word
symbolic,representing something else through a sign or image
sympathetic,showing understanding and care for someone's feelings
sympathize,to share and understand someone's sad feelings
synonym,a word with nearly the same meaning as another
tablecloth,a cloth used to cover a dining table
tabloid,relating to short sensational news stories
tack,to fasten something with small nails; to add something extra
tackle,to try to solve a problem; (sports) to stop an opponent with force
tactile,relating to the sense of touch
tag,a small label attached to an item
tail,the long part at the back of an animal
tame,(of an animal) not wild or dangerous
tan,a brown skin color from the sun
tanned,having brown skin from the sun
tatter,an old torn piece of cloth
tattoo,a permanent picture drawn on the skin
taunt,a cruel remark meant to upset someone
teaspoon,a small spoon for tea or coffee
technical,relating to machines or science
technically,according to the exact facts; strictly speaking
telescope,a tool for viewing distant objects in the sky
temperate,(of weather) mild and not extreme
temporarily,for a short period only
temptation,a strong wish to do something unwise
tender,gentle and kind; (of meat) soft and easy to chew
tenderly,in a gentle kind way
tenderness,a gentle kind feeling toward someone
terrace,a flat outdoor area next to a house
terrifying,causing great fear
territory,land controlled by one country or ruler
testify,to state facts formally in a law court
testimony,a formal statement given in court
theme,the main subject of a piece of writing
theorist,a person who develops ideas to explain things
therapist,a person trained to treat mental or physical problems
therapy,treatment for a physical or mental problem
thereafter,after that point in time
thermometer,a tool that measures heat or cold
thesis,a long research paper written for a degree
thickly,in a deep or dense layer
thickness,how deep or wide something is
thigh,the upper part of the leg above the knee
thinker,a person known for deep serious ideas
third person,(grammar) referring to someone other than the speaker or listener
thirdly,used to introduce the next point after two others
thoroughly,in a complete and careful way
thoughtful,showing care about others' feelings
thoughtless,not thinking about others' feelings
thread,a thin strand used for sewing
threaten,to say you will hurt someone; to be a danger to something
thrill,a sudden feeling of excitement
thrilled,extremely happy and excited
thrilling,causing great excitement
throat,the inside part of the neck used for swallowing
tickle,to touch someone lightly to make them laugh
tightrope,a high wire that performers walk across
timeless,not affected by changes in fashion
timeliness,happening at the right moment
times,multiplied by a number (in math)
timing,the choice of when to do something
tiptoe,to walk quietly on your toes
tiredness,the feeling of needing rest or sleep
tiresome,annoying and boring for too long
toenail,the hard covering on the end of a toe
toil,to work very hard for a long time
tolerant,willing to accept different beliefs or behavior
tolerate,to accept something you do not like
toll,money paid to use a road; number of deaths from an event
tomb,a place where a dead body lies
ton,a large unit of weight
torch,a small handheld light run on batteries
tortoiseshell,hard patterned material from a turtle; a brown and yellow color pattern
torture,to cause someone severe pain on purpose
tough,strong and hard to break; difficult to deal with
toxic,containing poison that can cause harm
trader,a person who buys and sells goods
trailer,a vehicle pulled behind a car; a short clip advertising a film
trainee,a person being taught a job's skills
trainer,a person who teaches sport skills
trait,a particular part of someone's character
traitor,a person who betrays their country or friends
tramp,a person with no home who travels
trample,the act of stepping heavily on something
transcript,a written copy of spoken words
transfusion,the act of putting new blood into someone
transient,lasting only for a short time
transistor,a small device that controls electric current
transition,the process of changing to something else
transitive,(grammar) needing a direct object
translation,writing changed from one language to another
translator,a person who changes text into another language
transmission,the sending of a broadcast signal; a car's gear system
transmit,to send out a signal; to pass on a disease
transparent,clear enough to see through; open and honest
traverse,a path or movement across an area
tray,a flat object for carrying food
tread,to walk or step on something
treaty,a formal agreement between countries
trek,a long hard journey on foot
tremendously,to a very great degree; extremely
tremor,a slight shaking of the ground or body
trial,a formal court hearing of evidence; a test of something new
triangle,a shape with three straight sides
tribe,a group of people with shared customs
tricky,difficult to do or handle
trio,a group of three people or things
trivial,not important or serious
trolley,a wheeled cart for shopping or luggage
troop,a group of soldiers
trophy,a prize given for winning a contest
tropic,relating to the hot regions near the equator
troublesome,causing problems or difficulty
trunk,a tree's thick main stem; a car's back storage area; an elephant's long nose
trusty,able to be trusted especially over a long time
truthful,honest; not lying
truthfulness,the quality of being honest
tub,a round container for washing or storing
tuberculosis,a serious infectious lung disease
tug,a sudden strong pull
tuition,money paid for teaching or classes; teaching given to a student
tulip,a spring flower shaped like a cup
tumor,an abnormal lump that grows in the body
tunnel,a long passage dug underground
turbulent,full of sudden change and disorder
tutor,a private teacher for one student
twinkle,a brief sparkle of light
twisted,bent out of the normal shape; strange and unpleasant
typhoid,a serious infectious disease from dirty food or water
tyranny,cruel unfair use of power over people
tyrant,a ruler who treats people cruelly
ultimate,being the final or greatest of its kind
ultimately,in the end after everything else
unacceptable,not good enough to allow
unashamedly,openly without feeling embarrassed
unattractive,not pleasant to look at
unauthorized,done without official permission
unavailable,not able to be reached or obtained
unaware,not knowing about something
unbearable,too unpleasant to accept
unbeatable,impossible to defeat or better
unchanged,staying exactly the same as before
uncharacteristic,not typical of someone's usual behavior
unclearly,in a way that is hard to understand
uncomfortably,in a way that causes unease
uncommon,not happening or seen often
unconcerned,not worried about something
unconscious,not awake and not aware
underestimate,to think something is less than it really is
undergraduate,a student studying for a first degree
underground,located beneath the earth's surface
undersea,existing beneath the ocean's surface
understandable,easy to make sense of; reasonable given the situation
understanding,showing sympathy for someone's feelings
undertake,to begin a task and commit to finishing it
underwear,clothes next to the skin beneath outer clothes
undoubtedly,certainly; without question
undreamed,never imagined as possible
undressed,not wearing any clothes
unease,a feeling of worry or discomfort
uneasily,in a worried or nervous way
unenthusiastic,not eager or interested
uneven,not flat or smooth; not equal
unfamiliar,not known to you
unfashionable,not stylish or trendy anymore
unforeseen,not expected to happen
ungodly,shockingly unreasonable or extreme (informal)
unhappiness,a feeling of sadness
unhelpful,not useful or willing to assist
unimaginable,too strange to picture in your mind
unimaginably,to a degree hard to picture
united,joined together as one group
universal,true for everyone or everything
unjustly,in an unfair way
unkind,not nice to others; cruel
unlimited,without any restriction; endless
unload,to take goods off a vehicle
unlock,to open something with a key
unmistakable,very easy to recognize
unmistakably,clearly and easily recognizable
unnatural,not normal or expected
unofficial,not approved by authorities
unpopular,not liked by many people
unrealistic,not based on what is possible
unreasonable,not fair or sensible
unreliable,not able to be trusted
unrest,public anger and protest
unsafe,likely to cause harm or danger
unsatisfactory,not good enough
unselfish,caring more about others than yourself
unstoppable,unable to be held back
unsuccessful,not achieving what was wanted
unsuitable,not right for a purpose
unsure,not certain about something
untalented,lacking natural skill
unthinkably,to a degree hard to imagine
untie,to undo a knot
unto,to; toward (old-fashioned)
untreated,not given medical care; not processed
untrimmed,not cut to make it neat
unusualness,the quality of being rare or strange
unwilling,not wanting to do something
unwise,not sensible; foolish
unworldly,not experienced in practical life
upbringing,the way a child is raised
upgrade,a better new version of something
upright,standing straight; honest and moral
upside down,turned so the top faces the ground
urban,relating to a city or town
urgently,in a way that needs quick action
user,someone who operates a device or app
usher,to guide someone into a place
utility,a public service like water or power
utilize,to use something for a particular purpose
utter,to say something out loud
utterly,completely; totally
vacant,empty and not being used
vaccine,a medicine that prevents a disease
valentine,a card or gift showing romantic love
valid,legally or officially acceptable
vanish,to disappear suddenly
vanity,too much pride in one's looks
variation,a slight change in amount or form
varied,including many different types
venture,a new and risky project
venue,the place where an event happens
verbal,spoken rather than written
verbally,using spoken words
verse,a set of lines in a poem
version,one specific form of something
versus,against (in a contest)
veteran,a person with long experience; former soldier
vibrate,to shake with quick small movements
vibration,a quick shaking movement
viewer,someone watching a program on TV
vigor,physical strength and energy
vigorous,full of energy and strength
vigorously,with great energy and force
villa,a large comfortable house especially for holidays
villager,someone from a small country town
vinegar,a sour liquid used in cooking
violate,to break a law or rule
virtual reality,a computer-made 3D world you enter
virtually,almost completely; nearly
virtue,a good quality of character
visibly,clearly and noticeably
vital,extremely important or necessary
vitamin,a natural substance needed for health
vocalist,a person who sings in a band
vomit,food brought back up from the stomach
voter,someone who takes part in an election
vow,a serious promise
wage,money paid for work done
waist,the narrow middle part of the body
waistcoat,a sleeveless top worn under a jacket
walkabout,a public appearance greeting a crowd
walker,someone moving on foot for exercise; a frame for support
wallboard,flat panel material used to build walls
walnut,an edible nut from a tree
warship,a naval vessel built for combat
wartime,the period of armed conflict between nations
wasp,a flying insect that can sting
waterproof,designed to keep water out
weaken,to make or become less strong
weakly,without much strength or force
wealthy,having a lot of money
wearisome,causing you to feel tired or bored
weary,very tired
weave,the pattern made by crossing threads
wed,to marry someone
weed,a wild plant growing where not wanted
welfare,a person's health and happiness; aid for the poor
well-balanced,having the right amount of each part
well-built,strong and solidly made
well-organized,arranged in a neat and orderly way
well-paid,earning a good amount of money
western,relating to Europe or the Americas
wheat,a grain crop used to make flour
whereas,while on the other hand
whip,to hit with a thin flexible strap
whiskey,a strong alcoholic drink made from grain
widen,to make or become broader
widow,a woman whose husband has died
width,the distance across something
wilderness,a remote area with no people
willing,ready and happy to do something
willingly,without needing to be forced
winding,having many bends and turns
windshield,the front window of a car
wink,a quick closing of one eye
wipe,to clean a surface by rubbing
wit,the ability to say clever funny things
withdraw,to take money out of an account; to move back
withdrawal,the act of taking out money; a retreat
witty,clever and funny in speech
wolf,a wild animal like a large dog
wondrous,amazing and causing great surprise (literary)
woodcarving,a figure cut from wood by hand
wordlessly,without speaking at all
workaholic,always busy and unable to relax
workbench,a sturdy table used for repairs
workman,a man who does manual labor
worktable,a table used for craft projects
worldly,experienced and knowledgeable about life
worldview,a person's overall way of understanding life
worm,a small long soft creature that lives in soil
wornout,very tired; damaged from too much use
worrying,making you feel anxious or afraid
worsen,to become worse; to make worse
worship,great love and respect for a god
worthless,having no value at all; not useful
wreck,a vehicle destroyed in an accident; a ruined building
wrongly,in a mistaken way; not correctly
X-ray,a photo of the inside of your body
yacht,a large boat used for pleasure trips
yawn,an act of opening your mouth when sleepy
yearn,to want something very much
yield,to give in; to produce a result
youthful,looking young and full of energy
yummy,tasting very good (informal)
zebra,an African animal with black and white stripes
zip,a fastener with two rows of teeth
zoom,a fast movement with a loud buzzing sound
