English,Definition
abolish,to end a law or system officially
absorb,to take in a liquid or gas; to take in and make part of something bigger
absorption,the taking in of a liquid gas or heat; the taking of a group into a bigger one
accelerate,to go faster; to make something happen sooner
acceptance,agreement to take or allow something; general approval of an idea
accessible,easy to reach or use; easy to understand
accommodate,to provide room for someone; to change plans to help someone
accomplishment,something done well after effort; a skill gained by training
accordance,the fact of following exactly what a rule or an agreement says
accordingly,in a way that fits the situation; as a result
accountability,the duty to explain your actions and take responsibility
accountable,required to explain your actions and take the blame
accountant,a person whose job is keeping and checking financial records
accrual,a gradual build-up of money owed or earned over time
accrue,to grow in amount over time; to build up as interest or debt
accumulate,to collect more and more of something over time
accumulation,a growing amount collected over time
accuracy,the quality of being exactly right and free from mistakes
accurately,in a way that is exactly right and without mistakes
accusation,a claim that someone has done something wrong
acid,a chemical that can burn or dissolve things; sour in taste
acre,a unit of land area of about 4047 square meters
actively,in an energetic way; by taking part rather than watching
activist,a person who works hard for political or social change
adequately,well enough for what is needed
adhere,to stick firmly to a surface; to follow a rule closely
administer,to manage a company or system; to give out medicine or aid
administrative,relating to the running and paperwork of an organization
administrator,a person who manages the daily work of an organization
admission,the right to enter a place; a statement that something bad is true
adoption,the start of using a new idea or method; legally taking a child as your own
adverse,harmful or unfavorable; going against what you want
advertiser,a company that pays to promote its products in public
advisor,a person who gives expert help and opinions
advisory,giving expert opinions rather than orders; a public warning notice
affiliate,a smaller company linked to or owned by a larger one
affordable,cheap enough for most people to buy
afterward,at a later time; once something else has finished
aggregate,a total formed by adding separate parts; taken together as one whole
agriculture,the work of growing crops and raising animals
airport,a place where planes take off and land
alas,a word showing sadness or regret about bad news
albeit,although; even though something is true
alert,quick to notice and ready to act; a warning signal
algorithm,a set of steps a computer follows to solve a problem
align,to put things in a straight line; to make plans or ideas agree
alike,very similar; in the same way for everyone
allegation,a claim that someone has done wrong that is not proved yet
allegedly,as people claim but without proof so far
alliance,an agreement between groups or countries to work together
allocate,to give out money or time for a particular purpose
allocation,an amount of money or time given for a set purpose
allowance,money given regularly for a set purpose; an amount you may take or use
alpha,the first letter of Greek writing; a very early test version of software
aluminum,a light silver-colored metal used in cans and planes
ambassador,a top official sent to live and work in a foreign country
ambition,a strong wish to succeed or achieve something big
ambitious,having a strong wish to succeed; needing great effort to do
amend,to make small changes to a text or law to improve it
amid,in the middle of; while something else is happening
amongst,in the middle of a group; shared between several people
amortization,the spreading of a debt or a cost into small regular payments over years
amortize,to pay off a debt gradually by regular equal payments
analytic,using careful logical study to understand something
analytical,good at examining facts in a careful logical way
anniversary,a date each year when you remember something that happened before
annualize,to work out a rate as if it lasted a full year
annually,once a year
annuity,a fixed sum of money paid to someone each year
anti,against; opposed to something
antitrust,aimed at stopping firms from unfairly controlling a market
appetite,a wish to eat; a strong desire for something such as risk
apple,a round firm fruit with red or green skin
appliance,a machine used in the home such as a fridge or washer
applicable,able to be used in a situation; relevant to a case
applicant,a person who asks formally for a job or a place
appraisal,a judgment of how good or how valuable something is
appreciation,a rise in value over time; thanks felt for something good
appropriately,in a way that is right for the situation
approximate,almost exact but not completely correct
approximation,a figure close to the real one but not exact
arbitrage,buying in one market and selling in another for quick profit
arbitrary,chosen by chance or personal wish rather than by reason
arbitration,settling a dispute by letting a neutral outsider decide
architect,a person who designs buildings; the planner of a big system
archive,a store of old records kept for future use
arguably,as can reasonably be claimed; quite possibly
array,a large ordered group of things; a wide range of choices
artificial,made by people rather than found in nature; not real
aspect,one part or side of a situation or idea
assault,a violent physical attack on someone
assemble,to put parts together to build something; to gather in one place
assembly,the putting together of parts; a large official meeting
assert,to say firmly that something is true; to claim a right strongly
assertion,a firm statement that something is true
assignment,a task given to someone; a piece of work set for study
assurance,a promise that something is true or will happen; confidence
asylum,protection given by a country to someone fleeing danger
atom,the smallest part of a chemical element
attain,to reach a goal or level after effort
attorney,a lawyer; a person allowed to act for another in legal matters
attributable,able to be seen as caused by a person or thing
auction,a public sale where the highest offer wins the goods
audio,relating to sound that is recorded or broadcast
audit,an official check of the financial records of a firm
auditor,a person whose job is officially checking financial records
authority,the power to give orders; an official body that controls something
authorization,official permission to do something
authorize,to give official permission for something
auto,a car; done by machine without a person
automate,to make a job run by machines instead of people
automatic,working by itself without a person controlling it
automobile,a road vehicle with an engine for carrying a few people
autonomous,able to work or govern itself without outside control
autonomy,the freedom to govern or decide for yourself
availability,how easy something is to get or use; being free at a time
averse,strongly disliking something; unwilling to accept it
aversion,a strong dislike of something
aviation,the flying and building of aircraft as an industry
await,to expect something and stay ready until it comes
awkward,difficult to handle; causing embarrassment or unease
axis,a line around which something turns; a reference line on a graph
backward,towards the rear or the past; slow to develop
bail,money paid so an accused person can leave jail until trial
ballot,a secret vote; the paper used for voting
banker,a person with a senior job handling money at a financial firm
bankrupt,unable to pay what you owe and officially declared so
bankruptcy,the legal state of not being able to pay your debts
bargain,something bought very cheaply; to argue over a price
barrel,a large round container for liquid; a unit for measuring oil
baseball,an American team sport in which a batter hits and then runs
baseline,a starting level used to compare later results
basket,a container made of woven strips; a set of things taken together
batch,a group of things made or handled at the same time
battery,a device that stores power for a phone or a car
beam,a line of light; a heavy bar that holds up a roof
beef,meat from a cow
behalf,the interest of another person; used when you act in place of them
behavioral,relating to how people or animals act
benchmark,a standard used for judging how good something is
beneficial,having a good effect; helpful and useful
beneficiary,a person who gains money or help from something
beta,a test version before final release; the second Greek letter
beverage,a drink of any kind
bidder,a person who offers a price at a sale
bilateral,involving two sides or two countries
biography,the story of a person's life written by someone else
bitter,having a sharp unpleasant taste; feeling angry and hurt
blank,with nothing written on it; an empty space to fill in
blast,a sudden loud explosion; a strong rush of air
blend,to mix things so they become one; a mixture of types
boast,to talk with too much pride about yourself; to have a good feature to show
bold,brave and confident; thick and easy to see in print
bolster,to make something stronger or give it support
bomber,a plane that drops explosives; a person who sets off explosives
bondholder,a person who owns loan certificates issued by a firm or a state
bonus,extra money paid for good work; a pleasant extra thing
borrower,a person who takes money and must pay it back later
bounce,to spring up after hitting a surface; to be refused by a bank
bound,certain to happen; tied or limited by rules
boycott,to refuse to buy from or deal with a firm as a protest
bracket,a range of incomes or ages grouped together; a mark used in pairs in writing
brave,ready to face danger or pain without fear
breach,the breaking of a rule or agreement; a gap made in a wall
breakdown,a failure of a machine; a detailed list of separate parts
breakthrough,an important discovery that solves a long-standing problem
bribe,money given secretly to make someone act dishonestly
brick,a hard block of baked clay used for building
broadband,a fast always-on internet connection
broaden,to make something wider or cover more topics
broadly,in a general way; over a wide range
brochure,a small book with pictures giving details of a product
broker,a person who buys and sells for others for a fee
brokerage,a firm that trades shares for clients; the fee such a firm charges
browser,a program used to look at pages on the internet
brutal,very cruel and violent; harsh and very direct
bubble,a ball of air in liquid; a time when prices rise too high
buffer,something that softens a shock; a spare store kept for safety
bug,a fault in a computer program; a small insect
builder,a person whose job is putting up houses and other structures
bulk,a large amount or quantity; the main part of something
bull,an adult male of the cow family; a market where prices keep rising
bullet,a small piece of metal fired from a gun; a dot before a list item
bully,a person who frightens or hurts weaker people
bundle,a group of things sold or tied together
bureaucracy,a system of many official rules and slow paperwork
bureaucrat,an official who works in a government department
bureaucratic,having too many official rules and slow procedures
businessman,a man who works at a senior level in trade or industry
bust,a sudden business failure; a period of sharp economic fall
buyout,the purchase of a whole company or of someone's share in it
cabinet,a group of top government ministers; a cupboard with shelves
calculation,the working out of an answer using numbers
calculator,a small machine for working out sums
calendar,a chart of the days and months of a year
campus,the land and buildings of a university or large company
cancellation,the ending of a planned event or order before it happens
capita,for each person; used in giving averages for a population
capitalism,an economic system where private owners run trade for profit
capitalist,a person who owns or invests money in business; based on private ownership
capitalization,the total market value of the shares of a company
capitalize,to use a chance for gain; to write with a big first letter
captain,the leader of a ship or a team
cargo,goods carried by ship plane or truck
carmaker,a company that builds motor vehicles
carrier,a firm that moves goods or people; a person passing on a disease
cartel,a group of firms that agree to fix prices together
casino,a place where people play games for money
casual,relaxed and not formal; not regular or permanent
casualty,a person hurt or killed in an accident or a war
catastrophe,a sudden event causing great damage and suffering
cater,to supply food for an event; to give people what they need
cattle,cows and bulls kept on a farm for milk or meat
caution,great care taken to avoid danger; a spoken warning
cautious,taking great care to avoid risk or mistakes
cease,to stop happening; to stop doing something
ceasefire,an agreement between armies to stop shooting for a time
ceiling,the top surface inside a room; an upper limit on a number
celebrity,a famous person; the state of being widely known
census,an official count of all the people in a country
centralize,to bring control together into one main place
certainty,the state of being completely sure; a thing sure to happen
certificate,an official paper proving a fact or an achievement
certification,official proof that a person or product meets a standard
certify,to state officially in writing that something is true
chancellor,the head of a government finance department; a university head
chaos,a state of complete disorder and confusion
charitable,giving help to poor people; kind in judging others
charter,an official paper setting out rights or aims; a hired plane or boat
cheaply,at a low cost; without spending much money
cheat,to act dishonestly in order to win or gain something
cheer,to shout loudly to show support; to make someone feel happier
cheque,a printed form used to pay money from your bank account
chunk,a thick solid piece; a large amount of something
cinema,a building where films are shown; the film industry
circuit,a closed path for electricity; a route that returns to the start
circulate,to move around a system; to pass news to many people
circulation,the flow of blood around the body; the number of copies of a paper sold
citation,a mention of a source in writing; an official award or notice
citizenship,the legal status of belonging to a country and its duties
clarify,to make something easier to understand by giving more detail
clarity,the quality of being easy to understand or to see through
clash,a sharp fight or disagreement between two sides
classification,the sorting of things into groups by type
classify,to sort things into groups by their type
classroom,a space in a school where a teacher gives lessons
cleaner,a person paid to tidy rooms; a liquid used to remove dirt
cleric,a religious leader such as a priest or an imam
clever,quick to learn and understand; skillfully made
client,a person or firm that pays for a service
clinic,a place where people go for medical treatment
clip,a short part of a film; a small object for holding papers
clone,an exact copy of a living thing or of a product
closure,the permanent shutting of a business or road; a sense of ending
clout,power to influence people or decisions; a heavy blow
clue,a piece of information that helps solve a problem
coalition,a group of parties or firms joined for a shared aim
coefficient,a number that multiplies another value in a formula
cognitive,relating to thinking learning and understanding
coincide,to happen at the same time; to be the same or agree
collaboration,the act of working together on a shared task
collar,the part of a shirt that fits around the neck
collateral,property promised to a lender in case a loan is not repaid
collective,shared by all members of a group; done by everyone together
collectively,as a group rather than one by one
colonial,relating to a country ruled by a distant foreign power
combat,fighting between armed forces; to try hard to stop something bad
commander,an officer in charge of a military group
commence,to begin or start something
commentator,a person who describes an event live or gives opinions on it
commerce,the buying and selling of goods on a large scale
commissioner,a senior official in charge of a public department
commodity,a raw material such as oil or wheat that is traded
commonly,often; in most cases
communism,a system where the state owns all property and industry
communist,supporting state ownership of all property and industry
comparable,similar enough to be judged side by side
comparative,judged by looking at the differences between two things
compatible,able to work well together; able to exist side by side
compel,to force someone to do something
compensate,to pay someone for loss or harm; to make up for a weakness
competence,the skill and ability needed to do a job well
competency,a particular skill or ability needed for a job
competent,having enough skill to do a job properly
competitiveness,the ability to do better than rivals in a market
compile,to gather information and put it into a list or report
complement,to go well with something else and make it better
completion,the finishing of a job or process
compliance,the act of obeying a rule or an official order
comply,to obey a rule order or request
composite,made of several different parts joined together
compulsory,required by law or by rules; not a matter of choice
computation,the working out of a result by a set method or by machine
computerize,to change a system so that machines do the work
con,to trick someone to get their money; a reason against something
conceal,to hide something so that others cannot see it
concede,to admit that something is true; to give up a point in an argument
conceptual,relating to ideas and general principles
concession,something given up to end a dispute; a right to sell in a place
condemn,to say strongly that something is very wrong; to sentence to punishment
conditional,true or valid only if something else happens first
confer,to discuss something with others; to give an honor or right
confidential,meant to be kept secret; not to be shared with others
configuration,the way the parts of something are arranged
confine,to keep within limits; to keep someone in a closed space
confirmation,proof or a statement that something is true or will happen
conform,to behave in the way that rules or other people expect
confront,to face a problem or person directly and deal with them
confrontation,an angry meeting or fight between opposing sides
conglomerate,a large company made up of many different businesses
congressional,relating to the law-making body of the United States
congressman,a man who is a member of the US law-making body
conjunction,a state of two things happening together; a linking word like and
conscious,aware of something; awake and able to notice things
consecutive,following one after another without a break
consensus,an opinion that everyone in a group agrees on
consent,permission for something to happen; to agree to something
conservation,the protection of nature; careful use so that nothing is wasted
considerably,by a large amount; much more than a little
consistency,the quality of always being the same; how thick a liquid is
consistently,always in the same way; every time without change
consolidate,to join things into one stronger whole; to make firm
consolidation,the merging of smaller firms or debts into a single larger one
consortium,a group of companies working together on one big project
conspiracy,a secret plan by two or more people to do something wrong
constituency,the area and voters that one politician speaks for
constituent,one of the parts that make up a whole; a voter in an area
constitution,the set of basic laws of a country; a person's general health
constitutional,allowed by or relating to the basic laws of a country
constrain,to limit what someone can do; to force someone to act
constructive,helpful and meant to make things better
consultancy,a firm that gives expert advice to businesses
consultation,a meeting held to get advice or opinions before deciding
consumption,the amount of something used up; the eating or drinking of food
container,a box or bottle for holding things; a big metal box for shipping
contemplate,to think about something carefully for a long time
contend,to argue that something is true; to compete for something
continent,one of the seven large land areas of the world
continental,relating to one of the large land areas of the world
contingency,an event that may happen but is not certain; a backup plan
contingent,depending on something else happening; a group from a larger body
continually,again and again over a long period of time
continuity,the state of going on without stopping or changing
continuously,without any break or pause
contractor,a person or firm hired to do work for another business
contractual,relating to or set out in a formal written agreement
contrary,opposite in meaning; liking to disagree with other people
contributor,a person who gives money or help; a writer for a magazine
controller,a person in charge of the money records of a firm; a guiding device
controversy,a public argument about something people disagree on
convenience,ease and lack of trouble; something that makes life easier
convenient,easy to use and saving time or trouble
converge,to come together at one point; to become similar
convergence,the process by which separate things grow closer or more alike
conversion,a change from one form or use to another
convertible,able to be changed into another form; a car with a folding roof
convey,to carry or move something; to make an idea known
convict,to decide in court that someone is guilty; a person in jail
conviction,a strong belief; a court decision that someone is guilty
cooperative,willing to work with others; a business owned by its members
coordinate,to make different parts or people work well together
coordination,the smooth working together of different people or parts
copper,a soft reddish-brown metal used in wires and coins
copyright,the legal control an author has over who may use their work
corn,a tall plant with yellow seeds used as food; grain crops
correction,a change that puts a mistake right; a fall in market prices
corrective,meant to put right a fault or problem
correctly,in a way that has no mistakes
correlate,to have a close link so that one changes with the other
correlation,a measured link showing how strongly two things move together
correspondent,a reporter who sends news from a place; a person who writes letters
corrupt,willing to act dishonestly for money; to make dishonest
corruption,dishonest use of power for money or gain
costly,expensive; causing a lot of loss or harm
cotton,a soft white plant fibre used to make cloth
counterpart,a person or thing with the same job or place in another group
counterparty,the other person or firm in a deal or trade
countryside,land outside towns with fields and farms
coup,a sudden illegal seizing of power in a state; a clever success
coupon,a printed slip giving a discount or a right to something
covariance,a measure of how two sets of values move together
covenant,a formal written promise in a legal deal
creativity,the ability to think of new and original ideas
credential,a document or quality that proves a person is qualified
credibility,the quality of being believed and trusted
credible,able to be believed; deserving trust
creditor,a person or firm that is owed money
crude,in a natural state and not yet refined; rough and simple
cruise,a holiday trip by ship; to travel at a steady easy speed
crunch,a hard moment when money or supplies run short; to crush noisily
crush,to press something hard so that it breaks or loses shape
cumulative,growing in amount as more is added each time
curb,to keep something under control or within limits
cure,to make an illness go away; something that solves a problem
customize,to change something to fit a person's own needs
cyclical,happening again and again in a regular pattern
dash,to run somewhere very fast; a short line used in writing
deadline,the latest time by which work must be finished
debenture,a long-term loan certificate issued by a company
debit,an amount taken out of a bank account; to take money out
debtor,a person or firm that owes money
decent,good enough and of an acceptable standard; kind and honest
decentralize,to move power out to local units instead of one main office
decimal,based on the number ten; using a point to show parts of a whole
declaration,an official public statement
decree,an official order given by a ruler or a court
deduct,to take an amount away from a total
deductible,able to be taken off before tax; the part you must pay yourself
deduction,an amount taken away from a total; a conclusion reached by logic
deed,an action that someone does; a legal paper showing ownership
deem,to consider or judge something in a certain way
default,a failure to pay a debt; the setting used unless it is changed
defect,a fault that makes something less than perfect
defective,having a fault and not working properly
defendant,the person in a court case who is accused
defensive,protecting against attack; quick to react to criticism
defer,to put something off until a later time
deficiency,a lack of something needed; a fault or weakness
deflation,a fall in the general level of prices
defy,to refuse openly to obey a rule or a person
delegate,to give part of your work to someone else; a person sent to a meeting
delegation,a group sent to speak for others; the handing of work to others
delete,to remove something written or stored
deliberate,done on purpose and planned; slow and careful
deliberately,on purpose and not by accident
deliverable,a piece of work that must be handed over in a project
delta,the difference or change between two values; flat land at a river mouth
demise,the end or failure of something; a person's death
demographic,relating to the make-up of a population; a group of buyers
denominate,to state the money unit in which an amount is given
denote,to be a sign of something; to mean
denounce,to say publicly that someone or something is bad
dent,a hollow mark made by a blow; to damage or weaken slightly
depart,to leave a place at the start of a journey
departure,the act of leaving a place; a change from the usual way
dependence,the state of needing someone or something in order to manage
dependency,a thing that something else needs to work; a country ruled by another
depict,to show or describe something in words or pictures
deploy,to move people or equipment into place for use
deployment,the act of putting staff software or equipment into active use
depositor,a person who puts money into a bank
depreciate,to fall in value over time
depreciation,the loss in value of an asset as it ages or wears out
deprive,to take something needed away from someone
deputy,the person next in rank who acts for the chief
deregulation,the removal of government rules from an industry
derivative,a product whose value comes from another asset; not original
designate,to choose someone for a job or purpose; to give a name to
desirable,wanted by many people; worth having
desktop,the main screen shown on a computer; a machine for a work table
desperate,feeling hopeless and ready to try anything; very serious
destination,the place that someone or something is traveling to
detection,the finding of something hidden or hard to notice
deter,to stop someone acting by making them afraid of the result
deteriorate,to become worse in quality or condition
determinant,a thing that decides how something turns out
devaluation,an official lowering of the worth of a currency
devastate,to destroy a place completely; to shock someone deeply
developer,a person who builds houses or who writes software
deviation,a difference from the normal or expected way
devise,to invent or plan something clever
diagram,a simple drawing that explains how something works
diamond,a very hard clear stone used in jewelry; a four-sided shape
diary,a book for writing down daily events or future plans
dictate,to say words aloud for someone to write down; to give orders
dictator,a ruler who has total power over a country
dictatorship,rule of a country by one person with total power
differential,a gap in amount between two things such as pay rates
differentiate,to see or show how two things are not the same
differentiation,the act of making a product stand out from rival ones
digit,any of the numbers from 0 to 9; a finger or toe
dilemma,a hard choice between two equally bad options
diligence,careful and steady effort in work
dilute,to make a liquid weaker by adding water; to reduce the value of shares
diminish,to become or to make smaller or less
dioxide,a chemical that has two atoms of oxygen joined to another element
dip,a small fall in an amount; to put something briefly into a liquid
diplomacy,the handling of relations between countries; skill with people
diplomat,an official who represents a country abroad
diplomatic,relating to relations between countries; skillful with people
directive,an official instruction that must be followed
directory,a list of names and addresses; a folder holding files
disability,a condition that limits movement senses or learning
disable,to stop a machine or system from working
disadvantage,something that makes a person or thing less likely to succeed
disagreement,a situation where people hold different views; an argument
disastrous,causing great harm or complete failure
discharge,to allow someone to leave; to send out gas or liquid
disclose,to make known something that was secret
disclosure,the making known of secret or private facts
discontinue,to stop making or offering something
discourage,to make someone lose the wish to do something
discrete,separate and not joined to others
discretion,the freedom to decide what to do; care in keeping secrets
discretionary,left to a person to decide; not fixed by rules
discriminate,to treat one group worse than another; to see a difference
discrimination,unfair treatment of one group of people; the ability to tell apart
disguise,to change how something looks so it is not known; a false look
dislike,to feel that something is unpleasant; a feeling against something
dismal,very bad and causing sadness; gloomy
dismantle,to take a machine or system apart piece by piece
dismissal,the act of sending a worker away from a job
dispatch,to send something off to a place; speed in doing things
displace,to take over the role of something; to force people out of their home
disposable,made to be thrown away after use; free to be spent
disposal,the getting rid of waste or unwanted things
dispose,to get rid of something; to arrange things in order
disposition,a person's usual mood or nature; a tendency to act a way
disrupt,to stop something from going on in the normal way
disruption,a break that stops the normal flow of things
dissent,to disagree with an official view; open disagreement
dissident,a person who openly opposes the government
dissolution,the formal ending of a group or a business
dissolve,to mix into a liquid and disappear; to end a body formally
distinctive,easy to notice because it is unlike others
distort,to change something so it is no longer true or right
distortion,a change that makes something untrue or misshapen
distress,great pain or worry; serious money trouble
distribution,the sharing out or delivery of goods to many places
distributor,a firm that supplies goods to shops
diverse,of many different kinds; varied
diversification,the spreading of business or money into many areas
diversify,to start doing more kinds of business to spread risk
divert,to make something go a different way; to draw attention away
dividend,a share of profit paid to the owners of a company
doctrine,a set of beliefs taught by a church party or state
documentation,papers or files that give official proof or details
domain,an area of knowledge or control; a web address name
dominance,the state of being stronger than all the others
dominant,stronger and more important than all the others
donation,money or goods given to help a person or cause
donor,a person who gives money or an organ to help others
doom,a very bad fate that cannot be avoided; to send to failure
dose,a measured amount of medicine taken at one time
dot,a small round mark; to spread things here and there
doubtful,not certain; unlikely to happen or to be true
downgrade,to move something to a lower rank or value
download,to copy data from the internet onto your own device
downside,the drawback of a situation; the risk of falling in value
downturn,a fall in business activity or trade
downward,moving or pointing to a lower level
drain,to make a liquid flow away; to use up money or strength
drawback,a bad feature that makes something less useful
drift,to move slowly with no clear aim; a slow change
drill,a tool for making holes; practice repeated many times
dual,having two parts or two uses
dub,to give someone or something a new name; to change a film's language
duly,in the right way and at the right time
dump,to get rid of something carelessly; to sell goods very cheaply abroad
duplicate,to make an exact copy; an exact copy of something
durable,lasting a long time without breaking
duration,the length of time that something lasts
dynamic,full of energy and always changing; a force that causes change
e-book,a text you read on a screen instead of on paper
eager,very keen and wanting to do something soon
earthquake,a sudden violent shaking of the ground
echo,a sound that comes back off a surface; to repeat what another says
economically,in a way that saves money; in terms of money and trade
economist,a person who studies how money and trade work
editorial,an article giving a paper's own view; relating to written content
effectiveness,how well something works to give the result wanted
efficiently,in a way that works well with little waste of time or money
elaborate,having many details and parts; to explain in more detail
elastic,able to stretch and return to its shape; easy to change
elasticity,how much demand changes when the price changes
electoral,relating to voting and to choosing leaders
electorate,all the people who are allowed to vote
electrical,relating to or using power that runs through wires
eligible,allowed to have or do something; meeting the rules
elite,the richest or most skilled group; of the highest class
embed,to fix something firmly inside another thing
embody,to be a clear example of an idea; to include as part
emergence,the coming out or first appearing of something
emission,a gas or heat sent out into the air
empirical,based on real tests and watching rather than on theory
empower,to give someone the right and confidence to act
empowerment,the giving of more control and rights to people
enact,to make a proposal into law; to perform a scene
encompass,to include a wide range of things; to surround
encyclopedia,a book or website with facts on many subjects
endless,having no limit or never seeming to stop
endorse,to say publicly that you support something; to sign a cheque
endorsement,public support or approval for a person or product
endowment,money given to a school or charity to provide long-term income
endure,to suffer something hard without giving up; to last a long time
enforce,to make people obey a rule or law
enforceable,able to be made to happen by law
enforcement,the work of making sure that laws and rules are obeyed
engagement,taking an active part in something; an agreement to marry
enhancement,an improvement that raises the value or quality of something
enlarge,to make something bigger
enlargement,growth in the size or area of something
enrich,to make something better in quality; to make someone wealthy
entail,to involve something as a necessary part or result
enthusiasm,strong interest and excitement about something
enthusiastic,very keen and showing that you like something a lot
entity,a thing or organization that exists separately from others
entrant,a person or company that joins a competition or a market
entrepreneur,a person who starts a business and takes financial risks
entrepreneurial,having the skills to start a business and take risks
equality,the state of having the same rights or value as others
equate,to treat two things as being the same
equilibrium,a state of balance between opposing forces or amounts
equip,to provide someone with the tools or skills they need
equity,the value of a company held by shareholders; fairness
erode,to slowly wear away or reduce something
essence,the most important quality or basic nature of something
essentially,in the most basic way; mainly
estimation,a rough calculation of a value; a judgment or opinion
ethanol,a type of alcohol used as fuel and in drinks
ethical,morally right and fair
ethics,moral rules about right and wrong behavior
euro,the money used in many countries of the EU
eventual,happening at the end of a process or period of time
evident,easy to see or understand; clear
ex,a former husband or wife; a former romantic partner
exaggerate,to make something seem bigger or better than it really is
excellence,the quality of being extremely good
exceptional,unusually good; very unusual
excessive,more than is needed or reasonable
exclusion,the act of keeping someone or something out
exclusive,limited to one person or group; not shared
exclusively,only; not including anyone or anything else
execute,to carry out a plan or order; to kill as legal punishment
execution,the carrying out of a plan or order; a legal killing
exempt,free from a duty or payment that others must make
exemption,official permission not to do or pay something
exert,to use power or effort to make something happen
exile,the state of having to live away from your own country
exit,a way out of a building; the act of leaving a place
expectancy,the likely amount or length of something in the future
expertise,special skill or deep knowledge in a subject
expiration,the end of the period when a document or product is valid
expire,to come to an end and stop being valid
explicit,stated clearly and in detail; leaving no doubt
explicitly,in a clear and detailed way
explode,to burst suddenly with great force; to grow very fast
exploit,to use unfairly for your own gain; to make good use of
exploration,travel to learn about an unknown place; careful study
explosion,a sudden violent burst; a very fast increase
explosive,able to burst with great force; likely to cause anger
exporter,a country or firm that sells goods to other countries
externality,a cost or benefit to others that a firm does not pay for
extremist,a person with very strong political or religious views
facilitate,to make a process easier or help it happen
faction,a small group inside a larger one with different aims
faculty,the teaching staff of a university; a natural ability
fairness,the quality of treating people equally and justly
fare,the money you pay to travel on a bus or train
fate,what happens to someone in the end; a power that controls events
favorable,helpful and likely to bring a good result; approving
fax,a copy of a document sent down a phone line; the machine that sends it
feasible,possible to do or achieve
feedback,comments about how well someone or something is doing
fiber,a thin thread; the part of food that helps digestion
fiduciary,involving trust and a legal duty to manage money for others
fierce,very strong and aggressive; intense
fighter,a person who takes part in a battle or contest; a war plane
financially,in a way that relates to money
fiscal,relating to government money and taxes
flavor,the taste of food or drink
flaw,a fault or weakness that makes something less good
flee,to run away from danger
fleet,a group of ships or vehicles owned by one company
flexibility,the ability to change easily to suit new conditions
flotation,the sale of a company's shares to the public for the first time
flourish,to grow well and be very successful
fluctuate,to rise and fall in an irregular way
fluctuation,an irregular change up and down in a price or level
follower,a person who supports a leader or an idea
forbid,to order someone not to do something
forecaster,a person who says what is likely to happen in the future
foreigner,a person from another country
forge,to make an illegal copy in order to cheat; to form a strong link
formally,in an official and serious way; according to the rules
formerly,in the past; at an earlier time
formulate,to plan and express an idea carefully
formulation,the act of working out a plan or wording it exactly
forthcoming,happening soon; willing to give information
forum,a place or meeting where people discuss ideas
foster,to help something grow or develop; to care for another's child
founder,a person who starts a company; to fail or sink completely
fraction,a small part of something; a number such as one half
fragile,easily broken or damaged; weak
franc,the money used in Switzerland; once used in several European countries
franchise,the right to sell a company's products using its name
fraud,the crime of cheating people to get money
fraudulent,done to cheat people and get money illegally
freely,without limits or control; willingly
freight,goods carried in large amounts by ship or truck
fret,to worry about small things
fringe,the outer edge of an area or group; extra job benefits
frontier,the border between two countries; the limit of knowledge
frustrate,to make someone annoyed at not succeeding; to block a plan
frustration,the annoyed feeling of not being able to succeed
furnish,to put tables and chairs into a room; to supply something
gallon,a unit for measuring liquid equal to about 3.8 liters
gamble,to risk money on a game or an uncertain result
gang,an organized group of criminals or young people
gauge,to measure or judge something; a device that measures
generalize,to make a broad statement based on only a few cases
generator,a machine that makes electricity
generic,shared by a whole class of things; sold without a brand name
generous,willing to give money or help; larger than usual
genocide,the deliberate killing of a whole racial or ethnic group
genuinely,in a true and honest way; really
geographic,relating to where places are found on the earth
geographical,relating to the physical features and regions of the earth
geography,the study of the earth's land and where people live
globalization,the spread of business and culture around the whole world
globally,in a way that involves the whole world
globe,the world; a round model of the earth
gloomy,sad and without hope; dark
goods,things that are made in order to be sold
goodwill,friendly helpful feelings; the money value of a firm's name
governance,the way an organization or country is controlled and run
governmental,relating to the official body that rules a country
graph,a drawing that shows how numbers relate to each other
graphics,pictures and designs made especially by a computer
grasp,to understand something; to hold firmly
grave,very serious and worrying; a place where a body is buried
greenhouse,a glass building for growing plants
grid,a pattern of crossing lines; a network supplying electricity
grim,very serious and worrying; unpleasant
grip,a firm hold on something; to hold very tightly
grocery,a shop selling food; food bought for the home
gross,total before anything is taken away; very unpleasant
guerrilla,a fighter in a small unofficial army attacking by surprise
guidance,help and advice about what to do
halt,to stop moving or happening
handful,a small number of people or things; an amount you can hold
handset,the part of a phone you hold; a mobile phone
hardware,the physical parts of a computer; tools and metal items
harsh,cruel and severe; unpleasantly rough
harvest,the gathering of crops; to collect crops or data
haul,to pull or carry something heavy
hazard,something that could be dangerous
headline,the title of a news story printed in large letters
headquarter,to place a company's main office in a city or country
healthcare,medical services that keep people well
hedge,an action taken to reduce the risk of losing money; a row of bushes
heir,a person who will get money or property when someone dies
helicopter,an aircraft with turning blades on top
hierarchy,a system in which people are ranked one above another
highway,a main road between towns
histogram,a chart using bars to show how often values occur
historically,in the past; when looking at events over a long time
hitherto,until now; up to this time
homeowner,a person who has bought the house where they live
horizon,the line where the sky meets the land; the limit of your ideas
horizontal,flat and level; going from side to side
horror,a strong feeling of shock and fear
hostile,very unfriendly and ready to argue or fight
hostility,very unfriendly feelings or actions towards someone
hub,a central place where a lot of activity happens
hugely,very much; to a great degree
hungry,wanting food; strongly wanting something
hurdle,a problem you must deal with in order to make progress
hybrid,something made by mixing two different things
hydrogen,the lightest gas; found in water and used as fuel
hypothetical,based on a situation that is imagined and not real
icon,a small picture on a computer screen; a famous admired person
ideally,in the best possible situation
identical,exactly the same
identification,the act of saying who someone is; proof of who you are
ideological,based on a set of political or social beliefs
ideology,a set of political or social beliefs held by a group
idle,not working or being used; lazy
imbalance,a situation in which two things are not equal or fair
imminent,likely to happen very soon
immune,protected against a disease; not affected by something
impact,a strong effect on something; the force of one thing hitting another
impair,to damage something or make it weaker
impairment,damage that makes something work less well
implicit,suggested but not stated directly; complete and total
importantly,in a way that has a big effect or matters a lot
importer,a country or firm that buys goods from abroad
inability,a lack of the power or skill to do something
inadequate,not good enough or not enough in amount
inappropriate,not suitable for the situation
incline,to lean or slope; to tend towards an opinion
inclusion,the act of making someone or something part of a group
incomplete,not finished or missing some parts
inconsistent,not staying the same; not matching other facts
incorporation,the forming of a legal company; the adding of one part into another
incorrect,wrong; not right or true
incremental,happening in small steps over time
incumbent,currently holding an official post; a duty you must do
incur,to bring a cost or loss on yourself by your own actions
independently,without help or control from other people
indicator,a sign or figure that shows what a situation is like
indifference,a lack of interest or concern
indirect,not going the shortest way; happening as a side effect
indirectly,in a roundabout way; not as the main cause
individually,one at a time; separately from others
induce,to make something happen; to persuade someone to act
ineffective,not producing the result you want
inefficiency,the wasting of time or money when doing a job
inefficient,wasting time or energy while working
inequality,an unfair difference between groups in wealth or rights
inevitable,certain to happen and impossible to avoid
inevitably,in a way that cannot be avoided
infect,to pass a disease to someone; to spread harm to a computer
inference,a conclusion you reach from facts you already know
inflate,to fill with air; to make prices or figures rise
inflationary,likely to make prices rise across the economy
inflow,money or people coming into a place
influential,having a lot of power to affect people or events
info,facts or details about someone or something
informal,relaxed and friendly; not official
infrastructure,the basic systems such as roads and power that a country needs
ingredient,one of the foods or parts used to make something
inherent,existing as a natural and permanent part of something
inherit,to receive money or property from someone who has died
initiate,to make something start
injection,the putting of medicine into the body by needle; a sum of new money
ink,the colored liquid used for writing or printing
innovative,using new ideas and methods
insert,to put something inside something else
insider,a person within a group who knows its secrets
inspect,to look at something carefully to check its condition
inspection,a careful official check of something
inspector,an official whose job is to check that rules are followed
instability,the state of being likely to change or break down suddenly
installation,the act of putting equipment in place ready to be used
installment,one of a series of regular payments; one part of a story
instant,happening immediately; a moment of time
instinct,a natural way of behaving that you are born with
institute,an organization for study or research; to start a process
instruct,to tell someone what to do; to teach a skill
instructor,a person who teaches a practical skill
insufficient,not enough for what is needed
insurer,a company that you pay so it will cover your losses
insurgency,an armed uprising against a government
insurgent,a person who fights against the government of a country
intangible,not able to be touched; hard to measure clearly
integral,necessary and forming a basic part of something
integration,the mixing of groups or parts into one whole
integrity,the quality of being honest; the state of being whole
intelligent,able to learn and understand things well
intensify,to become stronger or to make something stronger
intensity,the strength of something such as a feeling or activity
intensive,involving a lot of effort or work in a short time
intent,the aim or purpose of doing something; firmly determined
inter,used before a word to mean between groups; to bury a dead body
interact,to talk to and work with other people or things
interactive,letting information pass both ways between a user and a machine
intercept,to stop something or someone moving from one place to another
interface,a point where two systems meet and communicate
interfere,to get involved in something that is not your business
interference,unwanted involvement in other people's affairs; radio noise
interim,for the time between two events; temporary
intermediary,a person who helps two sides reach an agreement
intermediate,at a level between the lowest and the highest
internally,inside an organization or a body
internationally,in a way that involves several countries
internet,the worldwide system linking computers to share information
interval,the time between two events; a short break
intervene,to become involved in a situation to change what happens
intrigue,to make someone very interested; a secret plan
intrinsic,belonging naturally to something as a basic quality
invade,to enter a country with an army; to enter without permission
invasion,the entering of a country by an armed force
invention,a new device or method made for the first time
inventory,all the goods a shop or firm has in stock; a detailed list
investigator,a person whose job is to find out the facts about a crime
invoice,a bill listing goods sold and the money owed
irrelevant,not connected with the subject being discussed
isolation,the state of being alone or kept apart from others
issuance,the official giving out of shares or documents
issuer,a company or bank that gives out shares or cards
jet,a fast aircraft; a strong narrow stream of liquid or gas
jointly,together with another person or group
judicial,relating to courts of law and the people who decide cases there
junior,lower in rank or position; younger in age
junk,old things of little value; rubbish
jurisdiction,the official power to make legal decisions; the area this power covers
justification,a good reason for an action; proof that something was right
kidnap,to take a person away by force and hold them as a prisoner
killer,a person or thing that causes death
lab,a room used for scientific tests and research
lag,to move or develop more slowly than others; a delay between two events
landlord,a person who owns a house or flat and rents it to others
laptop,a computer small enough to carry around and use anywhere
laser,a narrow strong beam of light used in tools and medicine
lately,in the recent past; not long ago
launder,to hide where illegal money came from by passing it through a business
lawsuit,a legal claim brought against a person or company in court
layout,the way parts are arranged on a page or in a space
leak,to let liquid or gas escape through a hole; to give out secret news
lease,a contract to rent a building or vehicle for a set time
ledger,a book or file recording all money a business takes in and hands out
legacy,money or property left to you when someone dies; a result of the past
legally,in a way allowed by law; according to the rules of a country
legislative,connected with making laws or with the group that makes them
legislature,the group of people in a country who have the power to make laws
legitimacy,the state of being allowed by law or accepted as right
legitimate,allowed by law; fair and reasonable
leisure,free time when you can relax and do what you enjoy
lender,a bank or person that gives money to be paid back later
lessee,a person who rents a building or vehicle from its owner
lesser,not as big or as important as the other one
lessor,the owner who rents out a building or vehicle to someone
leverage,the power to influence people or events; use of borrowed money to invest
levy,to officially demand and collect a tax or fee
liable,legally responsible for something; likely to do or suffer something
liberalization,the removal of strict state controls on trade or society
liberalize,to remove strict state controls from trade or laws
liberty,the freedom to live and act as you choose
lifestyle,the way a person lives from day to day
lifetime,the whole period from a person's birth until death
likelihood,the chance that something will happen
likewise,in the same way; also
linear,arranged in one straight row; changing at a steady rate
liquidate,to close a business and sell what it owns; to turn assets into cash
liquidation,the closing of a business and selling of its property to repay debts
liquidity,how easily what a company owns can be turned into cash
liter,a unit for measuring liquid equal to about two pints
litigation,the process of taking a dispute to court
lobby,to try to persuade politicians to support your aims; an entrance hall
locally,in or near the area where you are
logical,sensible and based on clear reasons
logistics,the detailed planning of moving goods and people
logo,a small design used by a company as its symbol
loom,to appear large and threatening; to be about to happen
loop,a shape or path that curves back to where it began
loser,a person who does not win or who suffers defeat
loyal,always giving firm support to a person or group
loyalty,the quality of staying true to a person group or brand
lucrative,producing a lot of money or profit
lump,a solid piece with no regular shape; a whole amount given at once
lure,to attract someone by offering something good
machinery,large heavy equipment used in a factory; the working parts of a system
macro,large in scale; covering a whole system
macroeconomic,relating to a country's whole system of trade and money
macroeconomics,the study of trade money and growth in a whole country
magnetic,able to attract iron or steel; very attractive to people
magnitude,the size or importance of something especially when it is very large
mainland,the largest continuous area of a country without its islands
mainstream,the ideas or style accepted by most people
mall,a large covered building with many shops
managerial,relating to running a business or leading a team of workers
mandate,official authority to do something; an order that must be obeyed
mandatory,required by a rule or law; not a free choice
maneuver,to move something carefully into position; a clever planned action
manipulate,to control people or things in a clever and unfair way
manipulation,clever unfair control of people or of figures
manual,done by hand rather than by machine; a book of instructions
mar,to spoil the quality or appearance of something
marginal,very small and not important; relating to one extra unit made or sold
marketable,easy to sell because people want it
marketer,a person whose job is to promote and sell a product
marketplace,the world of buying and selling; a square where goods are sold
materially,in an important way; in terms of money and physical things
mathematical,relating to numbers and calculation
matrix,a grid of numbers or items set out in rows and columns
maturity,the state of being fully grown or sensible; the date a loan falls due
maximization,the act of getting the largest possible amount from something
maximize,to make something as big or as effective as it can be
meaningful,having real value or a serious purpose
meantime,the period between two events; while something else happens
mechanical,worked by engines or moving parts; done without thinking
media,newspapers television and the internet as sources of news
median,the middle value in a set of numbers
memo,a short written note sent between people at work
memorandum,a short official note sent to staff inside a company
mentor,an experienced person who advises and guides someone less skilled
merchandise,goods that are bought and sold
merchant,a person who buys and sells goods in large amounts
merge,to join two companies or things together into one
merger,the joining of two companies into one
merit,a good quality or feature that deserves praise
methodology,the system of ways used to do research or carry out work
metric,a standard used to measure performance; based on grams and liters
micro,very small; relating to a very small scale
mid,at or near the center of a period or place
migrant,a person who moves to another area or country to find work
migration,the movement of people or animals to a new area
mild,not strong or severe; gentle in effect
milestone,an important stage or event in a process
militant,ready to use strong or violent action for a cause
militia,a group of ordinary people trained as soldiers
mill,a factory that makes steel paper or cloth; a device for grinding grain
mineral,a solid natural substance dug from the earth such as iron or salt
mini,much smaller than the usual size
minimal,very small in amount or degree
minimize,to reduce something to the smallest possible amount
ministry,a government department responsible for one area such as health
minus,with a number taken away; below zero
mislead,to make someone believe something that is not true
missile,a flying weapon aimed at a distant target
mister,a title used before a man's family name
misunderstand,to fail to get the right sense of what is said or done
mitigate,to make something bad less serious or harmful
mobility,the ability to move about or to change job or social class
modest,not large in size or amount; not boastful
modification,a small change made to improve something
mold,to shape a soft material; a hollow form for setting a liquid
molecule,the smallest unit of a substance made of joined atoms
momentum,the force that keeps something moving or growing
monetary,relating to the currency and cash supply of a country
monopolist,a person or firm that alone controls the supply of a product
monopoly,complete control of a product or service by one company
morale,the level of confidence and spirit in a group
mosque,a building where Muslims pray
motive,the reason why someone does something
multi,many; more than one
multinational,having offices or factories in many countries
multiplier,a number that increases another; an effect that makes growth bigger
multiply,to increase a number by another number; to grow greatly in amount
municipal,relating to a town or city and its local government
mutually,in a way shared by two sides; each towards the other
myth,a false idea that many people believe; an ancient traditional story
namely,that is to say; being the following
nasty,very unpleasant or unkind
nationalism,strong pride in your own country and its interests
nationalist,a person with strong pride in their own country
nationalize,to bring a private company under state ownership
nationwide,happening across a whole country
necessity,something you must have; the state of being badly needed
negligence,failure to take proper care so that harm results
negotiable,open to discussion and change; able to be sold or transferred
negotiator,a person who takes part in talks to reach an agreement
neo-,new; a recent modern form of something older
neutral,not supporting either side in a dispute
newcomer,a person who has recently arrived or joined
newsletter,a short regular report sent to members or staff
niche,a small special part of a market for a product
node,a point where lines or parts of a network meet
nominal,very small compared with the real value; in name only
nominate,to officially suggest someone for a job or a prize
nomination,the official choice of a person for a job or an award
non-,not; the opposite of
nonetheless,in spite of that; even so
norm,the usual standard of behavior in a group
notable,important and deserving attention
notably,especially; more than the others
notify,to tell someone about something officially
null,having no legal force; equal to zero
numerical,shown in figures; relating to amounts and counting
obituary,a notice in a newspaper about a person who has died
objection,a reason given for disagreeing with something
oblige,to force someone by law or duty to do something
obscure,not well known; hard to see or understand
observer,a person who watches an event without taking part
obstacle,something that blocks progress or makes it hard
obtain,to get something you want or need
occasional,happening from time to time but not often
occupation,a person's job; control of a place taken by force
occurrence,an event or something that happens
odds,how likely something is often shown as numbers in betting
offensive,very rude and likely to upset people; a planned attack
officially,in a formal public way approved by those in charge
offset,to balance one cost or effect against another
offshore,based abroad to pay lower tax; away from the coast at sea
omit,to leave something out
ongoing,still happening and not yet finished
openly,without trying to hide anything
operational,ready and working; relating to the daily running of a business
operative,working and having effect; a worker in a factory
opt,to choose one thing rather than another
optimal,best possible in a given situation
optimism,the belief that good things will happen
optimistic,expecting good things to happen
optimization,the act of making something work as well as it can
optimize,to make something as good or as effective as possible
optimum,the best possible level or amount
oral,spoken rather than written; relating to the mouth
ordinate,the up and down value of a point on a graph
organ,a part of the body with a special job; a large musical keyboard
organizational,relating to how a company or group is arranged and run
orient,to find your position; to aim something at a group or purpose
orientation,the direction something faces; training given to new staff
originate,to begin or first come into being somewhere
ounce,a unit of weight equal to about 28 grams
oust,to force someone out of a job or position
outbreak,the sudden start of a disease or a war
outfit,a set of clothes worn together; a small business or team
outflow,the movement of money or liquid away from a place
outgoing,leaving a job or place; friendly and sociable
outlay,an amount of money spent to start or run something
outlet,a shop that sells a company's goods; a way for something to escape
outlook,the likely future situation; a person's attitude to life
outperform,to do better than someone or something else
outrage,great anger caused by something unfair or shocking
outright,complete and total; at once and without conditions
outsider,a person who is not part of a group
outsource,to pay another company to do work for you
outstanding,extremely good; not yet paid or dealt with
outweigh,to be greater in value or importance than something else
overhaul,to examine and repair a system completely
overhead,the regular cost of running a business such as rent
overlap,to cover part of the same area or time as something else
overlook,to fail to notice something; to have a high view across an area
overnight,during the hours of darkness; very suddenly
oversee,to watch a job being done and check that it is done well
oversight,a mistake made by not noticing; the checking of work by those in charge
overstate,to describe something as bigger or worse than it really is
overtime,extra hours worked beyond the normal working day
overview,a short general description of a subject
overwhelm,to affect someone very strongly; to defeat completely
packet,a small paper or plastic container for goods
pact,a formal agreement between two groups or countries
painful,causing hurt in the body; causing sadness
pan,a flat metal dish for cooking; to move a camera slowly across
par,the usual or expected standard; the face value of a share or bond
parameter,a limit that controls what can be done; a value used in a calculation
paramilitary,organized like an army but not part of the official forces
parity,the state of being equal in value or status
parliament,the elected body that makes laws and checks a country's government
parliamentary,relating to the elected law-making body of a country or its members
partial,not complete; unfairly favoring one side
partially,not completely; to some degree
particle,a very small piece of something
partition,to divide a country or room into separate sections
passive,accepting what happens without taking action
passport,an official document that lets you travel abroad
patch,a small piece of material covering a hole; a small area of ground
patent,a legal right that stops others copying an invention
payable,owed and due to be handed over now or on a set date
payback,the return you get from money you put into something
payoff,a reward or profit from an action; money given to keep someone quiet
payout,a large sum of money given out by a company or insurer
payroll,the list of workers and the wages a company gives them
peaceful,calm and quiet; without war or fighting
peacekeeping,the work of soldiers sent to stop fighting between groups
peg,to fix a price or rate at a set level; a small pin for hanging things
pending,waiting to be decided or settled
pensioner,a person who has stopped working and receives a state income
per annum,for each year
performer,a person who acts sings or plays music for an audience
periodic,happening again and again at fairly regular times
periodically,now and then at fairly regular times
permanently,in a way that lasts for ever
perpetual,never ending or seeming to last for ever
persist,to keep trying in spite of difficulty; to continue to exist
persistent,continuing firmly in spite of problems; lasting a long time
peso,the unit of money used in Mexico and some other countries
pet,an animal kept at home for company
petition,a written request signed by many people
petrol,the liquid fuel used in car engines
petty,small and not important; unkind about small things
pharmaceutical,relating to medicines and the companies that make them
physically,in a way relating to the body or to material things
physician,a doctor who treats illness with medicine
physics,the science of matter energy and forces
pill,a small round piece of medicine that you swallow
pin,a thin sharp metal piece for holding things together
pioneer,one of the first people to do or study something new
pipeline,a long tube carrying oil or gas; work being prepared for the future
pit,a large hole in the ground; a mine for coal
pizza,a flat round bread baked with cheese and tomato on top
placement,the act of putting something in a position; a temporary work post
plague,a deadly disease that spreads fast; to trouble someone again and again
plainly,clearly and simply; in an obvious way
plaintiff,the person who brings a case against another in court
planner,a person who decides how something will be done
plausible,seeming reasonable and likely to be true
plead,to ask for something in a strong emotional way; to answer a charge
pledge,to promise seriously to give or do something
plug,a device on a wire that fits into a socket; to block a hole
plunge,to fall suddenly and steeply; to jump into water
poison,a substance that kills or harms if taken into the body
policeman,a male officer whose job is to keep order and stop crime
policyholder,a person or company that owns an insurance plan
policymaker,a person who decides the official rules or plans of a government
politically,in a way that relates to government and power
poorly,in a bad way or to a low standard
popularity,the state of being liked by many people
populist,appealing to ordinary people against powerful elites
portable,easy to carry or move around
portfolio,a set of investments owned by a person or firm; a folder of work samples
portray,to show or describe someone or something in a certain way
positively,in a good or hopeful way; definitely
poster,a large printed sheet put on a wall to advertise or decorate
postpone,to move an event to a later time
practitioner,a person who works in a skilled job such as medicine or law
pre-,before; earlier than
precede,to come or happen before something else
precedent,an earlier case used as an example for later ones
precious,very valuable or greatly loved
precision,the quality of being exact and correct
predecessor,the person who held a job before someone else
predetermine,to decide something in advance
predictable,easy to guess in advance; happening as expected
prediction,a statement about what will happen in the future
predictor,a sign or fact that shows what is likely to happen
prejudice,an unfair opinion about someone formed without good reason
preliminary,coming first as preparation for something more important
premier,best or most important; the head of a government
premium,a payment made for insurance; an extra amount for high quality
prepayment,money given before goods or a service are received
prescribe,to order a medicine for a sick person; to state a rule officially
prescription,a doctor's written order for medicine
presidency,the job or time in office of a country's leader
presume,to believe something is true without proof
prevail,to win or be stronger in the end; to be common
prevention,the act of stopping something bad from happening
privacy,the right to keep your life and information secret
privately,not in public; by a company rather than by the state
privatization,the act of moving a state-owned business into non-government ownership
privatize,to sell a state-owned business so that a company or people own it
probable,likely to happen or be true
probe,a careful official investigation; to examine something closely
processor,the part of a computer that carries out instructions
proclaim,to announce something officially and publicly
procurement,the buying of goods and services for a company
prod,to push someone gently; to urge someone to act
productive,doing or making a lot in the time available; giving good results
productivity,how much work or output is done in a given time
profitability,the ability of a business to earn more than it spends
profitable,earning more money than is spent
programmer,a person who writes instructions for computers
progressive,favoring social change and reform; happening step by step
prohibit,to officially forbid something
projection,an estimate of a future amount or figure
proliferation,a fast increase in the number of something
prolong,to make something last longer
prominent,important and well known; easy to see
promotional,used to advertise goods and boost sales
promptly,quickly and without delay; exactly at the agreed time
prone,likely to suffer from something bad; lying face down
pronounce,to say a word in a certain way; to state something officially
prop,to support something so it does not fall; an object used in a play
proportional,changing in size at the same rate as something else
proposition,an offer or plan put forward for others to consider
proprietary,owned by one company and protected by law
proprietorship,a business owned and run by one person
prosecute,to take someone to court for a crime
prosecution,the process of trying someone in court for a crime
prosecutor,a lawyer who tries to prove someone guilty in court
prospective,likely to happen or become something in the future
prospectus,a booklet describing a school or an offer of shares
prosper,to do well and become successful or rich
prosperity,the state of being rich and successful
prosperous,rich and doing well
protester,a person who joins a public march or action against something
protocol,an agreed set of rules for behavior or for computers
prototype,the first model of a product built to test the idea
provider,a company or person that supplies a service
provincial,relating to a region of a country; narrow in outlook
provoke,to make someone angry; to cause a reaction
proxy,a person given the right to vote or act for another
prudent,careful and sensible about risks
psychology,the study of the mind and behavior
publicity,attention given to someone by newspapers and television
publicly,in a way that everyone can see or know about
publish,to print and sell a book or paper; to put information online
punish,to make someone suffer for doing something wrong
punishment,a penalty given to someone for doing wrong
purchaser,a person or company that buys something
purely,only; completely and nothing else
pursuant,following or in agreement with a rule or law
pursuit,the act of chasing or trying to achieve something
puzzle,a game that tests your thinking; to confuse someone
qualitative,based on features and opinions rather than numbers
quantify,to measure something and state it as a number
quantitative,based on numbers and amounts
quarterly,happening once every three months
quasi,almost but not really; seeming to be
query,a question asked to get information; to ask about something
questionnaire,a set form that people fill in to give facts or opinions
queue,a line of people waiting; to wait in a line
quit,to leave a job; to stop doing something
quota,a fixed share or limited amount allowed
quotation,a stated price for a job; words taken from a text
rage,very strong anger
raid,a sudden attack or official search of a place
railway,a track for trains and the system that runs them
rally,a large public meeting; a rise in prices after a fall
randomly,by chance and without any plan
rape,the crime of forcing someone to have sex
ratify,to approve an agreement officially
ration,a fixed amount of food or fuel allowed to each person
rational,based on clear thinking and good reasons
rationale,the reasons behind a decision or plan
ray,a narrow beam of light or energy
reactor,a large machine that produces nuclear energy
readily,quickly and easily; willingly
realistic,sensible about what can be done; true to life
realizable,able to be achieved or turned into cash
realization,the act of suddenly understanding; the act of making a plan happen
reap,to gain a reward; to cut and gather a crop
reassure,to make someone feel less worried
rebate,an amount of money given back to you off a price or a tax bill
rebel,a person who fights against the government; to refuse to obey
rebound,to bounce back; to recover after a fall in value
rebuild,to make something again after it has been damaged
receipt,a paper showing that goods have been paid for
receivable,money owed to a business by its customers
receiver,a person or device that gets something; an official who runs a failing firm
recession,a period when business and trade get worse
recipe,a set of instructions for cooking a dish
recipient,a person who gets something that is given or sent
reconcile,to make two sets of figures agree; to become friendly again
reconciliation,the act of making figures agree; a return to friendly relations
reconstruction,the act of building something again after damage
recruitment,the act of finding and hiring new workers
recycle,to treat used materials so they can be used again
redeem,to exchange a voucher for goods; to make up for a fault
redemption,the paying off of a loan or bond; the act of making up for a fault
redesign,to plan and make something again in a new form
redundancy,the loss of a job because a worker is no longer needed
referendum,a public vote by everyone on one question
referral,the act of sending someone to another person for help
refinance,to replace an old loan with a new one
refine,to improve something by small changes; to make a substance pure
reformer,a person who works to improve laws or systems
reformist,wanting gradual change to laws and systems
refund,money given back to a buyer; to give money back
refusal,the act of saying no to something
regain,to get something back after losing it
regime,a system of government; a set way of doing something
regression,a return to a worse state; a way of showing links between figures
regulator,an official body that controls an industry
regulatory,relating to the official control of an industry
rein,the power to control something; a strap used to guide a horse
reinforce,to make something stronger
reinforcement,extra strength or support added to something
reinvest,to put profits back into a business
reinvestment,the act of using earnings again to grow a business
rejection,the act of refusing or not accepting someone
relational,connected with how people or things link together
relevance,the state of being closely connected to the matter
reliability,the quality of working well and being trusted
reliance,the state of needing or depending on someone
relieve,to make pain or worry less
reluctance,an unwillingness to do something
reluctant,not wanting to do something
remainder,the part that is left after the rest is gone
remarkably,in a way that is unusual enough to be noticed
remedy,a cure or solution to a problem; to put something right
reminder,something that helps you remember
removal,the act of taking something away
render,to cause someone to be in a certain state; to give a service
renew,to make something start again; to extend an agreement
renewable,able to be replaced naturally such as wind or sun power
renewal,the act of making an agreement or license valid for a further period
rental,money paid to use something for a time; offered for hire
reorganization,a change to the way a company is set up
repay,to give money back to someone you owe
repayment,a sum of money given back regularly until a loan is cleared
repeatedly,many times; again and again
repertoire,the set of works a performer knows or skills a person has
replacement,a new thing or person that takes the position of another
replicate,to copy something exactly
reportedly,according to what people say
reprint,to make new copies of a book; a fresh run of copies
reproduce,to make a copy of something; to have young
republic,a country ruled by elected leaders and not a king
repurchase,to buy something back; a buying back of shares
resale,the act of passing goods on to a new buyer
resemble,to look or be like something else
reservation,a booking for a room or table; a doubt about a plan
residence,the place where someone lives
residential,consisting of homes rather than shops or factories
residual,left over after the main part has gone
resignation,the act of formally leaving a job
respective,belonging to each one separately
respondent,a person who answers questions in a survey
restate,to say or write something again in a different way
restrain,to hold someone back; to keep something under control
restraint,calm control of behavior; a limit placed on something
restrictive,limiting what people are allowed to do
restructure,to change the way a company or a debt is set up
resume,to start again after a break
retailer,a shop or company that sells goods to the public
retention,the act of keeping something or someone
retreat,to move back from danger; a quiet place to rest
retrieve,to get something back; to find stored information
revaluation,a new official estimate of what something is worth
reversal,a change to the opposite direction or result
revision,a change made to improve a text or plan
revival,a return to strength or fame after a weak period
revive,to bring something back to life or strength
revolutionary,completely new and causing great change
rewrite,to put a text into a new form
rhetoric,language used to persuade; showy speech with little meaning
rig,to arrange a result dishonestly; a large machine for drilling oil
rightly,correctly and for good reasons
rigid,not able to bend; strict and hard to change
rigorous,very careful and thorough; strict
riot,a violent public disturbance by a crowd
risky,likely to lead to loss or harm
robot,a machine that can do jobs automatically
robust,strong and healthy; not easily damaged
rocket,a vehicle that flies into space; to rise very fast
routinely,as a regular part of normal work
royalty,money paid to a writer or owner each time their work is used
ruler,a person who governs a country; a flat strip for measuring length
rumor,a story people repeat that may not be true
sack,to dismiss someone from a job; a large bag
sacrifice,to give up something valuable for a better aim
sadly,unfortunately; in an unhappy way
safeguard,to protect something from harm or loss
salespeople,people employed to persuade customers to buy a company's goods
salesperson,a worker whose job is to get customers to buy goods
salvage,to save goods from a wreck or fire; to rescue a plan from failure
satellite,a machine sent into space to send signals back to earth
satisfactory,good enough for the purpose
saver,a person who keeps money in a bank for the future
scandal,an event that shocks people and causes public anger
scarce,hard to find; not enough for what is needed
scatter,to throw or spread things in many directions
scenario,a description of how a situation might develop
scorecard,a chart used to track how well a business is doing
scrap,to get rid of something no longer useful; a small piece
scratch,to mark or cut a surface lightly; a thin mark on a surface
script,the written text of a film or play; a set of computer commands
scrutiny,careful and detailed examination
seasonal,happening only at one time of the year
secular,not connected with religion
seeker,a person who is trying to find or get something
seemingly,in a way that appears true but may not be
segmentation,the dividing of a market into smaller groups
seize,to take something quickly by force; to take control officially
seldom,not often; hardly ever
selective,careful about what you choose; affecting only some
seller,a person or firm that offers goods for money
semi,half; partly
seminar,a meeting where a small group studies a subject
senator,a member of the upper house of a parliament
sensible,showing good judgment; practical
sensitivity,the ability to notice small changes; care about others' feelings
sensor,a device that detects things like heat or movement
sentiment,a general feeling or opinion about something
separately,on its own; not together with others
separation,the act of keeping two things apart; a break between partners
separatist,a person who wants their region to break away
serial,coming one after another in order; a story told in separate parts
setup,the way something is arranged or organized
severely,very badly; in a strict harsh way
sharply,suddenly and by a large amount; in a harsh tone
shed,to get rid of something; a small building for storing tools
sheer,complete and total; very steep
shield,to protect from harm; a piece of armour held in the hand
shipment,a load of goods sent from one place to another
shopper,a person who is buying goods in stores
shortage,a situation when there is not enough of something
shortfall,an amount by which something is less than needed
shortly,soon; in a brief moment
shrink,to become smaller in size or amount
signature,your name written by you on a document
similarity,a way in which two things are alike
simplicity,the quality of being easy to understand or plain
simplify,to make something easier to do or understand
simulate,to copy the conditions of a real thing for testing
simulation,a model that copies real conditions for testing
simultaneously,at the same time
skeptic,a person who doubts what others accept as true
skeptical,doubting that something is true or useful
slack,not busy or not tight; the loose part of a rope
slash,to cut prices or costs by a large amount
slim,thin in an attractive way; very small in amount or degree
slogan,a short phrase used in advertising or by a group
slot,a narrow opening for putting things in; a set period for an event
slowdown,a fall in the speed of growth or activity
slump,a sharp fall in trade or prices; a long period of poor results
smuggle,to move goods secretly and illegally across a border
soar,to rise very quickly to a high level; to fly high in the air
socialist,believing the state should own industry and share wealth fairly
socially,in a way that involves other people and how they live together
sole,being the only one; the bottom part of a foot or shoe
solely,only; and nothing else
sometime,at a moment in the past or future that is not exact
sophisticate,a person who knows a lot about style and culture
sovereign,having complete power over its own affairs; a king or queen
sovereignty,the right of a country to govern itself with no outside control
span,the length or period from one end to the other; to reach across
spark,to cause something to start suddenly; a tiny bit of fire
specialization,a focus on one narrow area of work or study
specialty,an area of work someone knows very well; a food a place is famous for
specification,a detailed description of how something must be made
spectacular,very impressive to look at; extremely great
spectrum,a full range of related ideas or things; a band of colors
speculate,to guess without full facts; to buy assets hoping prices rise
speculation,a guess made without full facts; risky buying for quick profit
speculative,based on guessing; risky but possibly very profitable
speculator,a person who buys assets hoping to profit from price changes
spill,to let liquid fall out of a container by accident
spite,a wish to hurt or annoy someone; used with in and of to mean despite
spokesman,a male person chosen to give the views of a group to the public
sponsorship,money or help given to an event in return for advertising
spouse,a husband or wife
spreadsheet,a computer program with rows and columns for numbers
spur,to push something to happen faster; to encourage strongly
spy,to watch people secretly to get information; a secret agent
squeeze,to press something firmly; a difficult shortage of money
stabilize,to become or make steady and unlikely to change
stack,a neat pile of things; to arrange things in a pile
stakeholder,a person or group with an interest in a business
stall,to stop working or making progress; a small stand for goods
stance,a publicly stated opinion or attitude; a body position
standardize,to make things all the same in form or quality
static,not moving or changing; a crackling noise on a radio
statistical,based on collected number data and what it shows
statistically,when the collected number data is looked at closely
statistics,numbers collected and studied to show facts about something
statute,a written law passed by a parliament
statutory,required or fixed by written law
steadily,in a slow and even way without sudden change
steam,hot gas made when water boils; power made from that gas
steep,rising or falling sharply; very high in amount
steer,to guide the direction of a vehicle or a plan
sterling,the money of the United Kingdom; of very high quality
stimulus,something that causes growth or a reaction
stochastic,happening in a random way that follows rules of chance
stock market,a place where company shares are bought and sold
stockholder,a person who owns part of a company through shares
straightforward,easy to understand or do; honest and direct
strategic,planned carefully to reach an important long-term goal
streamline,to make a process simpler and more efficient
strictly,in a way that must be obeyed exactly; only for that one purpose
strive,to try very hard to achieve something
sub,under or below; a person who takes the place of another
subjective,based on personal feelings rather than facts
subordinate,lower in rank; a worker under the control of another
subprime,lent to borrowers with a poor credit record
subscribe,to pay a regular sum so a service or paper keeps coming
subscriber,a customer who has arranged to get a service on a regular basis
subscription,an agreed regular payment for getting a service or magazine
subsection,a smaller divided part of a longer text or law
subsidiary,a company owned by a larger one; less important
subsidize,to help pay part of the cost with public money
subsidy,money from a government that lowers the cost of something
substantially,to a large degree; very much
substitution,the act of putting one thing in place of another
subtle,not obvious; hard to notice but important
subtract,to take one number away from another
suburb,an area of homes on the outer edge of a city
succession,a series of things coming one after another; a taking over of a role
successive,coming immediately after each other in order
successor,a person or thing that takes the place of another
sue,to take someone to court to claim money
sufficiently,enough for what is needed
suicide,the act of killing oneself
suite,a set of rooms in a hotel; a group of programs sold together
summit,a meeting of top leaders; the highest point of a mountain
super,extremely good; very large or extra
superior,better than others; a person of higher rank at work
supermarket,a large shop selling food and household goods
supervise,to watch over people or work and check it is done well
supervision,close control and guidance of people while they do a job
supervisor,a person in charge of workers and what they do
supervisory,having the duty of checking the work of others
supposedly,as people claim though it may not be true
suppress,to stop something by force; to keep news from the public
surge,a sudden large rise; to move forward quickly
surplus,an amount left over after all needs are met
surrender,to stop fighting and give control to an enemy; to hand over
surveillance,close watching of a person or place for security
suspicion,a feeling that something is wrong or that someone is guilty
suspicious,feeling that something may be wrong; seeming dishonest
sustainability,the quality of not using up resources that cannot be replaced
sustainable,able to continue for a long time without harming nature
swap,to give one thing and get another in return; an exchange deal
swell,to grow larger in size or number
swiftly,very quickly
sympathy,a feeling of care for someone who is suffering
syndicate,a group of firms or people joined to do business together
synergy,the extra gain when two groups work together
synthetic,made by a chemical process rather than found in nature
systematic,done in an orderly and carefully planned way
tactic,a planned action used to reach a goal
tactical,planned carefully to gain a short-term advantage
tag,a small label fixed to an object; to add a label
tailor,to change something to fit a need; a person who makes clothes
takeover,the act of gaining control of a company
tangible,real and able to be touched; clear and certain
tariff,a government charge on goods entering a country; a price list
taxable,on which money must be paid to the government
taxation,the collecting of money by a government from people and firms
taxpayer,a person or firm that must give money to the government by law
tech,the making and use of computers and modern machines
technically,according to the exact rules or facts; in a skilled way
technological,relating to modern machines and science in industry
telecom,the business of sending messages by phone and internet
telecommunication,the sending of messages over long distances by phone or radio
template,a ready-made pattern used as a guide for making copies
temporarily,for a short period only
tempt,to make someone want to do or have something
tenant,a person who pays rent to live in or use a place
tenure,the right to hold a job or land for a period
terminal,a building where journeys begin or end; certain to cause death
terminate,to bring something to an end; to end a contract
termination,the formal ending of a contract or a job
terror,very great fear; violence used to frighten people
terrorism,the use of violence to frighten people for political aims
testify,to state facts in a court of law
testimony,a formal statement of facts given in a court
textbook,a printed work that teaches the main facts of a subject to students
textile,cloth or woven fabric; the industry that makes cloth
theft,the crime of taking something that is not yours
thereafter,from that moment on
thereby,as a result of that; through that means
thorough,complete and careful in every detail
thoroughly,completely and with great care
threshold,the level at which something begins to happen; a doorway
thrive,to grow strongly and do very well
thumb,the short thick finger at the side of the hand
tick,a small mark showing that something is correct; a light clock sound
tide,the regular rise and fall of the sea; a general trend
tier,one level in a set of levels placed one above another
tighten,to make firmer or stricter; to close more firmly
timber,wood cut and prepared for building
timely,happening at a good or useful moment
timetable,a list of the hours when trains or events happen
tobacco,dried leaves smoked in cigarettes and pipes
tolerance,willingness to accept views you dislike; an allowed small variation
tolerate,to accept something you do not like without complaining
toll,money paid to use a road or bridge; the number of dead or injured
ton,a heavy unit of weight of roughly 1000 kilograms
tonne,a metric unit of weight equal to 1000 kilograms
tort,a wrongful act causing harm that can lead to a legal claim
torture,to cause great pain in order to punish or force information
trademark,a name or sign that only one company may put on its goods
trader,a person who buys and sells goods or shares for profit
traditionally,in the way that has been usual for a long period
trainee,a person who is learning to do a job at a firm
trait,a particular quality in the character of a person
tranche,one part of a larger sum of money or of a loan
transaction,a single act of buying or selling
transformation,a complete change in the form or nature of something
transit,the movement of goods or people from one place to another
translation,words changed from one language into another
transmission,the sending of signals or of a disease to others
transmit,to send out signals; to pass a disease to others
transparency,openness that lets people see how things are done
transparent,easy to see through; open and honest
traveler,a person who goes on a journey
treasury,the government department that manages public money
treaty,a formal written agreement between countries
tremendous,very large in amount; very good
tribal,relating to an old local group with its own customs and chief
tribe,a group of people with the same customs led by a chief
tribunal,a special court that settles disputes
tricky,difficult to do and needing care
trim,to cut a small amount off; to reduce costs a little
triple,three times as much; to grow three times bigger
triumph,a great victory or success
trustee,a person who looks after money or property for others
tumble,to fall suddenly and steeply
tunnel,a passage dug under the ground or through a hill
tuple,an ordered list of values used in computing
turmoil,a state of great confusion and trouble
turnover,the total money a business takes in; the rate at which staff leave
ultimate,final; the best or greatest of its kind
unauthorized,done without official permission
uncertain,not known or not fully sure
unchanged,staying exactly the same as before
uncover,to find out something hidden; to remove a lid or top
underestimate,to think something is smaller or weaker than it really is
underground,below the surface of the earth; hidden and secret
undermine,to weaken something slowly and secretly
underpin,to support something and form its base
undervalue,to think something is worth less than it really is
underwrite,to accept the risk of a deal and agree to pay any loss
underwriter,a person or firm that takes on risk in insurance or shares
undoubtedly,certainly; without any question
unemployed,without a paid job
unexpected,not thought likely to happen; surprising
unexpectedly,in a way nobody thought likely; surprisingly
unfair,not right or equal in the way people are treated
unfavorable,not good; showing dislike or disapproval
unhappy,sad; not pleased
unify,to join separate parts into a single whole
unity,the state of being joined together as one whole
unlimited,having no fixed maximum amount
unnecessary,not needed
unpaid,still owed and not yet settled; done without wages
unpopular,not liked by many people
unprecedented,never having happened before
unpredictable,changing often so nobody can say what will happen
unrelated,having no connection with something else
unsecured,not backed by property that a lender could take
unusually,more than is normal; in a strange way
unveil,to show something new to the public for the first time
unwilling,refusing to do something; not ready to agree
upgrade,to improve something to a higher or better level
upward,moving or pointing to a higher level
uranium,a heavy metal used as fuel in nuclear power
urgent,needing action at once
usage,how much of something is consumed; the normal way words work in speech
utility,a firm supplying water gas or power; the quality of being helpful
utilization,how much of a resource is actually put to work
utilize,to put something to practical work
vacation,a period away from work for rest and travel
vaccine,a substance given to protect a person against a disease
vague,not clear or exact in meaning
valid,legally acceptable and able to be used; based on good reasons
validity,how far something can be accepted as true or lawful
valuation,an expert judgment of what something is worth
variability,the tendency to change or differ from one moment to another
variance,the amount by which two figures differ; a formal disagreement
vector,a quantity having both size and direction; a carrier of disease
vendor,a person or firm that sells goods or services
verbal,spoken rather than written
verdict,the decision of a court or jury; a considered judgment
verify,to check that something is true or correct
vertical,going straight up and down
vest,to give a person a legal right or power; a top with no sleeves
veto,to refuse to allow a plan or law; the right to block a decision
viable,able to work well and succeed
viewer,a person who watches television or looks at a screen
violate,to break a rule or law; to treat with disrespect
violation,the breaking of a rule or a law
virtual,made by computer and not physical; almost complete
virtue,a good moral quality; an advantage of something
visa,an official mark in a passport allowing entry to a country
void,having no legal force; a large empty space
volatile,likely to change quickly and without warning
volatility,the tendency of prices to change quickly and often
voucher,a paper that can be exchanged for goods or a service
vow,to promise something seriously; a serious promise
vulnerable,easily harmed or open to attack
warehouse,a large building where goods are stored
warrant,to make something seem right and needed; an official court order
warranty,a written promise to repair or replace faulty goods
wary,careful because of possible danger
weaken,to become or make less strong
wheat,a grain used to make flour and bread
whereby,through which something is done or arranged
wholesale,supplying goods in large amounts to shops rather than the public
wholesaler,a firm that supplies goods in bulk to shops
wholly,completely; entirely
widen,to make or become broader
widespread,found in many places or among many people
willingness,being ready and glad to do what is needed
wireless,working by radio signals without cables
wisdom,good sense gained from experience and knowledge
withdrawal,the taking of money out of an account; a pulling back
withhold,to refuse to give something that is owed
woe,great sadness; a serious problem or trouble
workforce,all the people employed by a firm or in a country
workplace,the building or area where a person does a job
worksheet,a printed page of tasks and exercises for students
workshop,a class where people learn a skill by doing it; a repair room
worldwide,happening in every part of the planet
worsen,to become or make less good
worthwhile,good enough to deserve the effort or money spent
worthy,deserving respect or support
yearly,happening once every 12 months
yen,the money used in Japan
yuan,the money used in China
