Chinese (Simpl.),Pinyin,English
呵,hē,to breathe out; to scold; (呵呵) hehe
哎哟,āiyō,hey; ow; ouch; interjection of pain or surprise
挨,ái,to suffer (a beating; hunger); āi to be next to
癌症,áizhèng,cancer
爱不释手,àibùshìshǒu,to love sth too much to part with it; can't put it down
爱戴,àidài,to love and respect; love and respect
暧昧,àimèi,vague; ambiguous; equivocal; dubious
安居乐业,ānjūlèyè,to live in peace and work happily (idiom)
安宁,ānníng,peaceful; tranquil
安详,ānxiáng,serene
安置,ānzhì,to find a place for; to help settle down; to arrange for; to get into bed
按摩,ànmó,massage; to massage
案件,ànjiàn,case; instance
案例,ànlì,case (of fraud hepatitis international cooperation etc); instance; example
暗示,ànshì,to hint; to suggest; hint; suggestion
昂贵,ángguì,expensive; costly
凹凸,āotū,concave or convex; bumps and holes; uneven (surface); rugged
熬,áo,to simmer; to stew; to decoct; to endure (熬夜 = stay up late)
奥秘,àomì,secret; mystery
扒,bā,to peel; to skin; to tear; to pull down
疤,bā,scar; scab
拔苗助长,bámiáozhùzhǎng,to spoil things through excessive enthusiasm (idiom)
把关,bǎguān,to guard a pass; to check on sth
把手,bǎshou,handle; grip; knob
把戏,bǎxì,acrobatics; jugglery; trick; ploy
霸道,bàdào,overbearing; domineering; (coll.) awesome
巴不得,bābude,(coll.) to be eager for; to long for; to look forward to
巴结,bājie,to fawn on; to curry favor with; to make up to
罢工,bàgōng,a strike; to go on strike
掰,bāi,to break off or break open sth with one's hands; (fig.) to break off (a relationship)
百分点,bǎifēndiǎn,percentage point
摆脱,bǎituō,to break away from; to cast off (old ideas etc); to get rid of; to break away (from)
败坏,bàihuài,to ruin; to corrupt; to undermine
拜访,bàifǎng,to pay a visit; to call on
拜年,bàinián,to pay a New Year call; to wish sb a Happy New Year
拜托,bàituō,to request sb to do sth; please!
颁布,bānbù,to issue; to proclaim; to enact (laws decrees etc)
颁发,bānfā,to issue; to promulgate; to award
斑纹,bānwén,stripe; streak
版本,bǎnběn,version; edition; release
半途而废,bàntúérfèi,to give up halfway (idiom); leave sth unfinished
伴侣,bànlǚ,companion; mate; partner
伴随,bànsuí,to accompany; to follow; to occur together with; concomitant
扮演,bànyǎn,to play the role of; to act
绑架,bǎngjià,to kidnap; to abduct; to hijack; a kidnapping
榜样,bǎngyàng,example; model
磅,bàng,pound (unit of weight); to weigh; scale
包庇,bāobì,to shield; to harbor; to cover up
包袱,bāofu,wrapping cloth; a bundle wrapped in cloth; load; weight
包围,bāowéi,to surround; to encircle; to hem in
包装,bāozhuāng,to pack; to package; to wrap; packaging
薄弱,bóruò,weak; frail
饱和,bǎohé,saturated; filled to capacity
饱经沧桑,bǎojīngcāngsāng,having lived through many changes
保管,bǎoguǎn,to hold in safekeeping; to have in one's care; to guarantee; certainly
保密,bǎomì,to keep sth confidential; to maintain secrecy
保姆,bǎomǔ,nanny; housekeeper
保守,bǎoshǒu,conservative; to guard; to keep
保卫,bǎowèi,to defend; to safeguard
保养,bǎoyǎng,to maintain; to keep in good repair; to take care of one's health
保障,bǎozhàng,to ensure; to guarantee; to safeguard
保重,bǎozhòng,to take care of oneself
报仇,bàochóu,to take revenge; to avenge
报酬,bàochou,reward; remuneration
报答,bàodá,to repay; to requite
报到,bàodào,to report for duty; to check in; to register
报复,bàofù,to make reprisals; to retaliate; revenge; retaliation
报社,bàoshè,newspaper (i.e. a company)
报销,bàoxiāo,to submit an expense account; to apply for reimbursement; to write off; to wipe out
抱负,bàofù,aspiration; ambition
抱怨,bàoyuàn,to complain; to grumble; to harbor a complaint; to feel dissatisfied
暴力,bàolì,violence; force; violent
暴露,bàolù,to expose; to reveal; to lay bare
爆发,bàofā,to break out; to erupt; to explode; to burst out
爆炸,bàozhà,explosion; to explode; to blow up; to detonate
卑鄙,bēibǐ,base; mean; contemptible; despicable
悲哀,bēiāi,grieved; sorrowful
悲惨,bēicǎn,miserable; tragic
北极,běijí,the North Pole; the Arctic Pole; the north magnetic pole
贝壳,bèiké,shell; conch; cowry; mother of pearl
备份,bèifèn,backup
备忘录,bèiwànglù,memorandum; aide-memoire; memorandum book
背叛,bèipàn,to betray
背诵,bèisòng,to recite; to repeat from memory
被动,bèidòng,passive
被告,bèigào,defendant
奔波,bēnbō,to rush about; to be constantly on the move
奔驰,bēnchí,to run quickly; to speed
本能,běnnéng,instinct
本钱,běnqián,capital; (fig.) asset; advantage; the means (to do sth)
本人,běnrén,I; me; myself; oneself
本身,běnshēn,itself; in itself; per se
本事,běnshi,ability; skill
本着,běnzhe,based on...; in conformance with..; taking as one's main principle
笨拙,bènzhuō,clumsy; awkward; stupid
崩溃,bēngkuì,to collapse; to crumble; to fall apart
甭,béng,(contraction of 用) need not; please don't; (dialect) very
迸发,bèngfā,to burst forth
蹦,bèng,to jump; to bounce; to hop
逼迫,bīpò,to force; to compel; to coerce
鼻涕,bítì,nasal mucus; snivel; snot
比方,bǐfang,analogy; instance; for instance
比喻,bǐyù,to compare; to liken to; metaphor; analogy
比重,bǐzhòng,proportion; specific gravity
必定,bìdìng,to be bound to; to be sure to
闭塞,bìsè,to stop up; to close up; hard to get to; out of the way
弊病,bìbìng,malady; evil; malpractice; drawback
弊端,bìduān,systemic problem (sometimes refers specifically to corrupt practices)
碧玉,bìyù,jasper
臂,bì,arm
边疆,biānjiāng,border area; borderland; frontier; frontier region
边界,biānjiè,boundary; border
边境,biānjìng,frontier; border
边缘,biānyuán,edge; fringe; verge; brink
编织,biānzhī,to weave; to knit; to plait; to braid
鞭策,biāncè,to spur on; to urge on; to encourage sb (e.g. to make progress)
贬低,biǎndī,to belittle; to disparage; to play down; to demean
贬义,biǎnyì,derogatory sense; negative connotation
扁,biǎn,flat; (coll.) to beat (sb) up; small boat
变故,biàngù,an unforeseen event; accident; misfortune
变迁,biànqiān,changes; vicissitudes
变质,biànzhì,to degenerate; to deteriorate; (of food) to go bad; to go off
便利,biànlì,convenient; easy; to facilitate
便条,biàntiáo,(informal) note
便于,biànyú,easy to; convenient for
遍布,biànbù,to cover the whole (area); to be found throughout
辨认,biànrèn,to recognize; to identify
辩护,biànhù,to speak in defense of; to argue in favor of; to defend; to plead
辩解,biànjiě,to explain; to justify; to defend (a point of view etc); to provide an explanation
辩证,biànzhèng,to investigate; dialectical
辫子,biànzi,plait; braid; pigtail; a mistake or shortcoming that may be exploited by an opponent
标本,biāoběn,specimen; sample; the root cause and symptoms of a disease
标记,biāojì,sign; mark; symbol; to mark up
标题,biāotí,title; heading; headline; caption
飙升,biāoshēng,to rise rapidly; to soar
表决,biǎojué,to decide by vote; to vote
表态,biǎotài,to declare one's position; to say where one stands
表彰,biǎozhāng,to honor; to commend; to cite (in dispatches)
憋,biē,to choke; to stifle; to restrain; to hold back
别扭,bièniu,awkward; difficult; uncomfortable; not agreeing
别墅,biéshù,villa
别致,biézhì,unusual; unique
濒临,bīnlín,on the edge of; (fig.) on the verge of; close to
冰雹,bīngbáo,hail; hailstone
并存,bìngcún,to exist at the same time; to coexist
并非,bìngfēi,really isn't
并列,bìngliè,to stand side by side; to be juxtaposed
拨打,bōdǎ,to call; to dial
波浪,bōlàng,wave
波涛汹涌,bōtāoxiōngyǒng,waves surging forth; roaring sea
剥削,bōxuē,to exploit; exploitation
播放,bōfàng,to broadcast; to transmit (by radio or TV)
播种,bōzhǒng,to sow seeds; to grow (maize etc) from seed; to plant (maize etc) by sowing seed
伯母,bómǔ,aunt; wife of father's elder brother
博大精深,bódàjīngshēn,wide-ranging and profound; broad and deep
博览会,bólǎnhuì,exposition; international fair
搏斗,bódòu,to wrestle; to fight; to struggle
补偿,bǔcháng,to compensate; to make up
补救,bǔjiù,to remedy
补贴,bǔtiē,to subsidize; subsidy; allowance; to supplement (one's salary etc)
哺乳,bǔrǔ,breastfeeding; to suckle; to nurse
捕捉,bǔzhuō,to catch; to seize; to capture
不得已,bùdéyǐ,to act against one's will; to have no alternative but to; to have to; to have no choice
不妨,bùfáng,there is no harm in; might as well
不敢当,bùgǎndāng,lit. I dare not (accept the honor); fig. I don't deserve your praise; you flatter me
不顾,bùgù,in spite of; regardless of
不禁,bùjīn,can't help (doing sth); can't refrain from
不堪,bùkān,cannot bear; cannot stand; utterly; extremely
不可思议,bùkěsīyì,inconceivable (idiom); unimaginable; unfathomable
不愧,bùkuì,to be worthy of; to deserve to be called; to prove oneself to be
不料,bùliào,unexpectedly; to one's surprise
不时,bùshí,from time to time; now and then; occasionally; frequently
不惜,bùxī,not stint; not spare; not hesitate (to do sth); not scruple (to do sth)
不相上下,bùxiāngshàngxià,equally matched; about the same
不像话,bùxiànghuà,unreasonable; shocking; outrageous
不屑一顾,bùxièyīgù,to disdain as beneath contempt (idiom)
不言而喻,bùyánéryù,it goes without saying; it is self-evident
不由得,bùyóude,can't help; cannot but
不择手段,bùzéshǒuduàn,by fair means or foul; by hook or by crook; unscrupulously
不止,bùzhǐ,incessantly; without end; more than; not limited to
布告,bùgào,posting on a bulletin board; notice; bulletin; to announce
布局,bùjú,arrangement; composition; layout; opening (chess jargon)
布置,bùzhì,to put in order; to arrange; to decorate; to fix up
步伐,bùfá,pace; (measured) step; march
部署,bùshǔ,to dispose; to deploy; deployment
部位,bùwèi,part (esp. of the body); position; area
才干,cáigàn,ability; competence
财富,cáifù,wealth; riches
财务,cáiwù,financial affairs
财政,cáizhèng,finances (public); financial
裁缝,cáiféng,to make an item of clothing; to tailor; tailor; dressmaker
裁判,cáipàn,judgment; to referee; umpire; judge
裁员,cáiyuán,to cut staff; to lay off employees
采购,cǎigòu,to procure (for an enterprise etc); to purchase
采集,cǎijí,to gather; to collect; to harvest
采纳,cǎinà,to accept; to adopt
彩票,cǎipiào,lottery ticket
参谋,cānmóu,staff officer; to give advice
参照,cānzhào,to consult a reference; to refer to (another document)
残酷,cánkù,cruel; cruelty
残留,cánliú,to remain; to be left over; residual; remnant
残忍,cánrěn,cruel; mean; merciless; ruthless
灿烂,cànlàn,to glitter; brilliant; splendid
仓促,cāngcù,all of a sudden; hurriedly
仓库,cāngkù,depot; storehouse; warehouse
苍白,cāngbái,pale; wan
舱,cāng,cabin; the hold of a ship or airplane
操劳,cāoláo,to work hard; to look after
操练,cāoliàn,drill; practice
操纵,cāozòng,to operate; to control; to rig; to manipulate
操作,cāozuò,to work; to operate; to manipulate
嘈杂,cáozá,noisy; clamorous
草案,cǎoàn,draft (legislation proposal etc)
草率,cǎoshuài,careless; negligent; sloppy; not serious
侧面,cèmiàn,lateral side; side; aspect; profile
测量,cèliáng,survey; to measure; to gauge; to determine
策略,cèlu:è,strategy; tactics; crafty; adroit
策划,cèhuà,to plot; to scheme; to bring about; to engineer
层出不穷,céngchūbùqióng,more and more emerge; innumerable succession; breeding like flies (idiom)
层次,céngcì,layer; level; gradation; arrangement of ideas
查获,cháhuò,to track down and seize (a criminal suspect contraband etc)
岔,chà,fork in road; bifurcation; branch in road; river; mountain range etc; to branch off
诧异,chàyì,flabbergasted; astonished
差距,chājù,disparity; gap
柴油,cháiyóu,diesel fuel
搀,chān,to take by the arm and assist; to mix; to blend; to dilute
馋,chán,gluttonous; greedy; to have a craving
缠绕,chánrào,twisting; to twine; to wind; to pester
产业,chǎnyè,industry; estate; property; industrial
阐述,chǎnshù,to expound (a position); to elaborate (on a topic); to treat (a subject)
颤抖,chàndǒu,to shudder; to shiver; to shake; to tremble
昌盛,chāngshèng,prosperous
猖狂,chāngkuáng,savage; furious
尝试,chángshì,to try; to attempt
偿还,chánghuán,to repay; to reimburse
常年,chángnián,all year round; for years on end; average year
常务,chángwù,routine; everyday business; daily operation (of a company)
场合,chǎnghé,situation; occasion; context; setting
场面,chǎngmiàn,scene; spectacle; occasion; situation
场所,chǎngsuǒ,location; place
畅通,chàngtōng,unimpeded; free-flowing; straight path; unclogged
畅销,chàngxiāo,to sell well; bestselling; chart-topping
倡导,chàngdǎo,to advocate; to initiate; to propose; to be a proponent of (an idea or school of thought)
倡议,chàngyì,to suggest; to initiate; proposal; initiative
敞开,chǎngkāi,to open wide; unrestrictedly
钞票,chāopiào,paper money; a bill (e.g. 100 yuan)
超级,chāojí,super-; ultra-; hyper-
超越,chāoyuè,to surpass; to exceed; to transcend
朝气蓬勃,zhāoqìpéngbó,full of youthful energy (idiom); vigorous; energetic; a bright spark
嘲笑,cháoxiào,to jeer at; to deride; to ridicule; mockery
潮流,cháoliú,tide; current; trend
潮湿,cháoshī,damp; moist
撤退,chètuì,to retreat
撤销,chèxiāo,to repeal; to revoke; (computing) to undo
沉淀,chéndiàn,to settle; to precipitate; sedimentation
沉闷,chénmèn,oppressive (of weather); heavy; depressed; not happy
沉思,chénsī,to contemplate; to ponder; contemplation; meditation
沉着,chénzhuó,steady; calm and collected; not nervous
沉重,chénzhòng,heavy; hard; serious; critical
陈旧,chénjiù,old-fashioned
陈列,chénliè,to display; to exhibit
陈述,chénshù,an assertion; to declare; to state
称号,chēnghào,name; term of address; title
称心如意,chènxīnrúyì,(idiom) after one's own heart; gratifying; satisfactory; everything one could wish
成本,chéngběn,(manufacturing production etc) costs
成交,chéngjiāo,to complete a contract; to reach a deal
成天,chéngtiān,(coll.) all day long; all the time
成效,chéngxiào,effect; result
成心,chéngxīn,intentional; deliberate; on purpose
成员,chéngyuán,member
呈现,chéngxiàn,to appear; to emerge; to present (a certain appearance); to demonstrate
承办,chéngbàn,to undertake; to accept a contract
承包,chéngbāo,to contract; to undertake (a job)
承诺,chéngnuò,to promise; to undertake to do something; commitment
诚挚,chéngzhì,sincere; cordial
城堡,chéngbǎo,castle; rook (chess piece)
乘务员,chéngwùyuán,attendant on an airplane; train; boat etc
惩罚,chéngfá,penalty; punishment; to punish
澄清,chéngqīng,clear (of liquid); limpid; to clarify; to make sth clear
橙,chéng,orange tree; orange (color)
秤,chèng,balance; weighing scale; steelyard
吃苦,chīkǔ,to bear hardships
吃力,chīlì,to entail strenuous effort; to toil at a task; strenuous; laborious
池塘,chítáng,pool; pond
迟缓,chíhuǎn,slow; sluggish
迟疑,chíyí,to hesitate
持久,chíjiǔ,lasting; enduring; persistent; permanent
赤道,chìdào,equator (of the earth or a celestial body); celestial equator
赤字,chìzì,(financial) deficit; red letter
充当,chōngdāng,to serve as; to act as; to play the role of
充沛,chōngpèi,abundant; plentiful; vigorous
充实,chōngshí,rich; full; substantial; to enrich
充足,chōngzú,adequate; sufficient; abundant
冲动,chōngdòng,to have an urge; to be impetuous; impulse; urge
冲击,chōngjī,to attack; to batter; (of waves) to pound against; shock
冲突,chōngtū,conflict; to conflict; clash of opposing forces; collision (of interests)
崇拜,chóngbài,to worship; adoration
崇高,chónggāo,majestic; sublime
崇敬,chóngjìng,to revere; to venerate; high esteem
抽空,chōukòng,to find the time to do sth
稠密,chóumì,dense
筹备,chóubèi,preparations; to get ready for sth
踌躇,chóuchú,to hesitate
丑恶,chǒuè,ugly; repulsive
出路,chūlù,a way out; way forward; outlet
出卖,chūmài,to offer for sale; to sell; to sell out; to betray
出身,chūshēn,to be born of; to come from; family background; class origin
出神,chūshén,spellbound; entranced; lost in thought
出息,chūxī,to yield interest; profit etc; to exhale (Buddhism); future prospects; profit
出洋相,chūyángxiàng,to make a fool of oneself
初步,chūbù,initial; preliminary; tentative
储备,chǔbèi,reserves; to store up
储存,chǔcún,stockpile; to store; to stockpile; storage
储蓄,chǔxù,to deposit money; to save; savings
处分,chǔfèn,to discipline sb; to punish; disciplinary action; to deal with (a matter)
处境,chǔjìng,situation (of a person)
处置,chǔzhì,to handle; to take care of; to punish
畜牧,xùmù,to raise animals
触犯,chùfàn,to violate; to offend
川流不息,chuānliúbùxī,the stream flows without stopping (idiom); unending flow
穿越,chuānyuè,to pass through; to traverse; to cross
传达,chuándá,to pass on; to convey; to relay; to transmit
传单,chuándān,leaflet; flier; pamphlet
传记,zhuànjì,biography
传授,chuánshòu,to impart; to pass on; to teach
船舶,chuánbó,shipping; boats
喘气,chuǎnqì,to breathe deeply; to pant; to gasp; to take a breather
串,chuàn,to string together; to skewer; to connect wrongly; to gang up
床单,chuángdān,bed sheet
幢,zhuàng,classifier for buildings (chuáng = banner; literary)
创立,chuànglì,to establish; to set up; to found
创新,chuàngxīn,to bring forth new ideas; to blaze new trails; innovation
创业,chuàngyè,to begin an undertaking; to start a major task; to initiate; to venture
创作,chuàngzuò,to create; to produce; to write; creative work
吹牛,chuīniú,to talk big; to shoot off one's mouth; to chat (dialect)
吹捧,chuīpěng,to flatter; to laud sb's accomplishments; adulation
垂直,chuízhí,perpendicular; vertical
锤,chuí,hammer; to hammer
纯粹,chúncuì,pure; unadulterated; purely; completely
纯洁,chúnjié,pure; clean and honest; to purify
词汇,cíhuì,vocabulary; list of words (e.g. for language teaching purposes); word
慈祥,cíxiáng,kindly; benevolent (often of older person)
雌雄,cíxióng,male and female
次品,cìpǐn,substandard products; defective; seconds
次序,cìxù,sequence; order
伺候,cìhou,to serve; to wait upon
刺,cì,thorn; to prick; to stab; sting
从容不迫,cóngróngbùpò,calm; unruffled
丛,cóng,cluster; collection; collection of books; thicket
凑合,còuhe,to bring together; to make do in a bad situation; to just get by; to improvise
粗鲁,cūlǔ,coarse; crude (in one's manner); boorish
窜,cuàn,to flee; to scuttle; to exile or banish; to amend or edit
摧残,cuīcán,to ravage; to ruin
脆弱,cuìruò,weak; frail
搓,cuō,to rub or roll between the hands or fingers; to twist
磋商,cuōshāng,to consult; to discuss seriously; to negotiate; to confer
挫折,cuòzhé,setback; reverse; check; defeat
搭,dā,to put up; to build (scaffolding); to hang (clothes on a pole); to connect
搭档,dādàng,to cooperate; partner
搭配,dāpèi,to pair up; to match; to arrange in pairs; to add sth into a group
达成,dáchéng,to reach (an agreement); to accomplish
答辩,dábiàn,to reply (to an accusation); to defend one's dissertation
答复,dáfù,to answer; to reply; Reply to: (in email header)
打包,dǎbāo,to pack; to wrap; to get leftovers to go
打官司,dǎguānsi,to file a lawsuit; to sue; to dispute
打击,dǎjī,to hit; to strike; to attack; to crack down on sth
打架,dǎjià,to fight; to scuffle; to come to blows
打量,dǎliang,to size sb up; to look sb up and down; to take the measure of; to suppose
打猎,dǎliè,to go hunting
打仗,dǎzhàng,to fight a battle; to go to war
大不了,dàbùliǎo,at worst; if worst comes to worst; (usu. in the negative) serious; alarming
大臣,dàchén,chancellor (of a monarchy); cabinet minister
大伙儿,dàhuǒr,everybody; everyone
大厦,dàshà,large building; edifice; mansion
大肆,dàsì,wantonly; without restraint (of enemy or malefactor); unbridled
大体,dàtǐ,in general; more or less; in rough terms; basically
大意,dàyì,general idea; main idea; careless
大致,dàzhì,more or less; roughly; approximately
歹徒,dǎitú,evildoer; malefactor; gangster; hoodlum
逮捕,dàibǔ,to arrest; to apprehend; an arrest
代价,dàijià,price; cost; consideration (in share dealing)
代理,dàilǐ,to act as agent; proxy; to act on behalf of sb
带领,dàilǐng,to guide; to lead
怠慢,dàimàn,to slight; to neglect
担保,dānbǎo,to guarantee; to vouch for
胆怯,dǎnqiè,timidity; timid; cowardly
诞辰,dànchén,birthday
诞生,dànshēng,to be born
弹性,tánxìng,flexibility; elasticity
淡季,dànjì,off season; slow business season
淡水,dànshuǐ,fresh water
蛋白质,dànbáizhì,protein
当场,dāngchǎng,at the scene; on the spot
当初,dāngchū,at that time; originally
当面,dāngmiàn,to sb's face; in sb's presence
当前,dāngqián,the present time; to be faced with
当事人,dāngshìrén,persons involved or implicated; party (to an affair)
当务之急,dāngwùzhījí,top priority job; matter of vital importance
当心,dāngxīn,to take care; to look out
当选,dāngxuǎn,to be elected; to be selected
党,dǎng,party; association; club; society
档案,dàngàn,file; record; archive
档次,dàngcì,grade; class; quality; level
导弹,dǎodàn,(guided) missile
导航,dǎoháng,navigation
导向,dǎoxiàng,to be oriented towards; orientation
岛屿,dǎoyǔ,island
捣乱,dǎoluàn,to disturb; to look for trouble; to stir up a row; to bother sb intentionally
倒闭,dǎobì,to go bankrupt; to close down
盗窃,dàoqiè,to steal
稻谷,dàogǔ,unhusked rice; paddy
地步,dìbù,stage; degree (to which a situation has evolved); situation; leeway
地势,dìshì,terrain; topography relief
地质,dìzhì,geology
得不偿失,débùchángshī,the gains do not make up for the losses (idiom)
得力,délì,able; capable; competent; efficient
得天独厚,détiāndúhòu,blessed by heaven (idiom); enjoying exceptional advantages; favored by nature
得罪,dézuì,to commit an offense; to violate the law; excuse me! (formal); to offend sb
灯笼,dēnglóng,lantern
登陆,dēnglù,to land; to come ashore; to make landfall
登录,dēnglù,to register; to log in
蹬,dēng,to step on; to tread on; to wear (shoes); (slang) to dump (sb)
等级,děngjí,grade; rank; status
瞪,dèng,to open (one's eyes) wide; to stare at; to glare at
堤坝,dībà,dam; dike
敌视,díshì,hostile; malevolence; antagonism; to view as enemy
抵达,dǐdá,to arrive; to reach (a destination)
抵抗,dǐkàng,to resist; resistance
抵制,dǐzhì,to resist; to boycott; to refuse (to cooperate); to reject
递增,dìzēng,to increase by degrees; in increasing order; incremental; progressive
颠簸,diānbǒ,to jolt; to bump about; to be jolted around
颠倒,diāndǎo,to turn upside down; to reverse; back to front; confused
典礼,diǎnlǐ,celebration; ceremony
典型,diǎnxíng,model; typical case; archetype; typical
点缀,diǎnzhuì,to decorate; to adorn; sprinkled; studded
电源,diànyuán,electric power source
垫,diàn,pad; cushion; mat; to pad out
惦记,diànjì,to think of; to keep thinking about; to be concerned about
奠定,diàndìng,to establish; to fix; to settle
叼,diāo,to hold with one's mouth (as a smoker with a cigarette or a dog with a bone)
雕刻,diāokè,to carve; to engrave; carving
雕塑,diāosù,a statue; a Buddhist image; sculpture; to carve
吊,diào,to suspend; to hang up; to hang a person; a string of 100 cash (arch.)
调动,diàodòng,to transfer; to maneuver (troops etc); movement of personnel; to mobilize
调和,tiáohé,harmonious; to mediate; to reconcile; mediation
调剂,tiáojì,to adjust; to balance; to make up a medical prescription
调节,tiáojié,to adjust; to regulate; to harmonize; to reconcile (accountancy etc)
调解,tiáojiě,to mediate; to bring parties to an agreement
调料,tiáoliào,condiment; seasoning; flavoring
跌,diē,to fall; to tumble; to trip; (of prices etc) to drop
叮嘱,dīngzhǔ,to warn repeatedly; to urge; to exhort again and again
盯,dīng,to watch attentively; to fix one's attention on; to stare at; to gaze at
定期,dìngqī,at set dates; at regular intervals; periodic; limited to a fixed period of time
定义,dìngyì,definition; to define
丢人,diūrén,to lose face
丢三落四,diūsānlàsì,forgetful; empty-headed
东道主,dōngdàozhǔ,host; official host (e.g. venue for games or a conference)
东张西望,dōngzhāngxīwàng,to look in all directions (idiom); to glance around
董事长,dǒngshìzhǎng,chairman of the board of directors
动荡,dòngdàng,unrest (social or political); turmoil; upheaval; commotion
动机,dòngjī,motive; motivation
动静,dòngjìng,(detectable) movement; (sign of) activity; movement and stillness
动力,dònglì,motive power; force; (fig.) motivation; impetus
动脉,dòngmài,artery
动身,dòngshēn,to go on a journey; to leave
动手,dòngshǒu,to set about (a task); to hit; to punch; to touch
动态,dòngtài,movement; motion; development; trend
动员,dòngyuán,to mobilize; mobilization
冻结,dòngjié,to freeze (water etc); (fig.) to freeze (assets prices etc)
栋,dòng,classifier for houses or buildings; ridgepole (old)
洞穴,dòngxué,cave; cavern
都市,dūshì,city; metropolis
兜,dōu,pocket; bag; to wrap up or hold in a bag; to move in a circle
陡峭,dǒuqiào,precipitous
斗争,dòuzhēng,a struggle; fight; battle
督促,dūcù,to supervise and urge completion of a task; to urge on
毒品,dúpǐn,drugs; narcotics; poison
独裁,dúcái,dictatorship
堵塞,dǔsè,to clog up; blockage
赌博,dǔbó,to gamble
杜绝,dùjué,to put an end to
端,duān,end; extremity; item; port
端午节,Duānwǔjié,Dragon Boat Festival (5th day of the 5th lunar month)
端正,duānzhèng,upright; regular; proper; correct
短促,duǎncù,short in time; fleeting; brief; gasping (breath)
断定,duàndìng,to conclude; to determine; to come to a judgment
断断续续,duànduànxùxù,intermittent; off and on; discontinuous; stop-go
断绝,duànjué,to sever; to break off
堆积,duījī,to pile up; to heap; accumulation
队伍,duìwǔ,ranks; troops; queue; line
对策,duìcè,countermeasure for dealing with a situation
对称,duìchèn,symmetry; symmetrical
对付,duìfu,to handle; to deal with; to tackle; to get by with
对抗,duìkàng,to withstand; to resist; to stand off; antagonism
对立,duìlì,to oppose; to set sth against; to be antagonistic to; antithetical
对联,duìlián,rhyming couplet; pair of lines of verse written vertically down the sides of a doorway
对应,duìyìng,to correspond (to); to be equivalent to; to be a counterpart to
对照,duìzhào,to contrast; to compare; to check
兑换,duìhuàn,to convert; to exchange
兑现,duìxiàn,(of a check etc) to cash; to honor a commitment
顿时,dùnshí,immediately; suddenly
多元化,duōyuánhuà,diversification; pluralism; to diversify
哆嗦,duōsuo,to tremble; to shiver; uncontrolled shaking of the body
堕落,duòluò,to degrade; to degenerate; to become depraved; corrupt
额外,éwài,extra; added; additional
恶化,èhuà,to worsen
恶心,ěxīn,nausea; to feel sick; disgust; nauseating
掠夺,lu:èduó,to plunder; to rob
略微,lu:èwēi,a little bit; slightly
遏制,èzhì,to check; to contain; to hold back; to keep within limits
恩怨,ēnyuàn,gratitude and grudges; resentment; grudges; grievances
而已,éryǐ,that's all; nothing more
耳环,ěrhuán,earring
二氧化碳,èryǎnghuàtàn,carbon dioxide CO2
发布,fābù,to release; to issue; to announce; to distribute
发财,fācái,to get rich
发呆,fādāi,to stare blankly; to be stunned; to be lost in thought
发动,fādòng,to start; to launch; to unleash; to mobilize
发火,fāhuǒ,to catch fire; to ignite; to detonate; to get angry
发觉,fājué,to become aware; to detect; to realize; to perceive
发射,fāshè,to shoot (a projectile); to fire (a rocket); to launch; to emit (a particle)
发誓,fāshì,to vow; to pledge; to swear
发行,fāxíng,to publish; to issue (stocks currency etc); to release; to distribute (a film)
发炎,fāyán,to become inflamed; inflammation
发扬,fāyáng,to develop; to make full use of
发育,fāyù,to develop; to mature; growth; development
法人,fǎrén,legal person; corporation
番,fān,classifier for actions/times; -fold
繁华,fánhuá,flourishing; bustling
繁忙,fánmáng,busy; bustling
繁体字,fántǐzì,traditional Chinese character
繁殖,fánzhí,to breed; to reproduce; to propagate
反驳,fǎnbó,to retort; to refute
反常,fǎncháng,unusual; abnormal
反倒,fǎndào,but on the contrary; but expectedly
反动,fǎndòng,reaction; reactionary
反感,fǎngǎn,to be disgusted with; to dislike; bad reaction; antipathy
反抗,fǎnkàng,to resist; to rebel
反馈,fǎnkuì,to send back information; feedback
反面,fǎnmiàn,reverse side; backside; the other side (of a problem etc); negative
反射,fǎnshè,to reflect; reflection (from a mirror etc); reflex (i.e. automatic reaction of organism)
反思,fǎnsī,to think back over sth; to review; to revisit; to rethink
反问,fǎnwèn,to ask (a question) in reply; to answer a question with a question; rhetorical question
反之,fǎnzhī,on the other hand...; conversely...
泛滥,fànlàn,to be in flood; to overflow (the banks); to inundate; to spread unchecked
范畴,fànchóu,category
贩卖,fànmài,to sell; to peddle; to traffic
方位,fāngwèi,direction; points of the compass; bearing; position
方言,fāngyán,dialect; topolect
方针,fāngzhēn,policy; guidelines
防守,fángshǒu,to defend; to protect (against)
防疫,fángyì,to prevent epidemics
防御,fángyù,defense; to defend
防止,fángzhǐ,to prevent; to guard against; to take precautions
防治,fángzhì,to prevent and cure; prevention and cure
纺织,fǎngzhī,spinning and weaving
放大,fàngdà,to enlarge; to magnify
放射,fàngshè,to radiate; radioactive
放手,fàngshǒu,to let go one's hold; to give up; to have a free hand
飞禽走兽,fēiqínzǒushòu,birds and animals; the beasts of the field and the birds of the air
飞翔,fēixiáng,to circle in the air; to soar
飞跃,fēiyuè,to leap
非法,fēifǎ,illegal
肥沃,féiwò,fertile
匪徒,fěitú,gangster; bandit
诽谤,fěibàng,to slander; to libel
废除,fèichú,to abolish; to abrogate; to repeal
废墟,fèixū,ruins
沸腾,fèiténg,(of a liquid) to boil; (of sentiments etc) to boil over; to flare up; to be impassioned
分辨,fēnbiàn,to distinguish; to differentiate; to resolve
分寸,fēncun,propriety; appropriate behavior; proper speech or action; within the norms
分红,fēnhóng,dividend; to award a bonus
分解,fēnjiě,to resolve; to decompose; to break down
分量,fēnliàng,(vector) component; quantity; weight; measure
分裂,fēnliè,to split up; to divide; to break up; fission
分泌,fēnmì,to secrete; secretion
分明,fēnmíng,clear; distinct; evidently; clearly
分歧,fēnqí,divergent; difference (of opinion position); disagreement; (math.) bifurcation
分散,fēnsàn,to scatter; to disperse; to distribute
分手,fēnshǒu,to part company; to split up; to break up
吩咐,fēnfù,to tell; to instruct; to command
坟墓,fénmù,grave; tomb
粉末,fěnmò,fine powder; dust
粉色,fěnsè,pink; white; erotic; beautiful woman
粉碎,fěnsuì,to crush; to smash; to shatter
丰满,fēngmǎn,full; ample; well-rounded; plump
丰盛,fēngshèng,rich; sumptuous
丰收,fēngshōu,bumper harvest
风暴,fēngbào,storm; violent commotion; fig. crisis (e.g. revolution uprising financial crisis etc)
风度,fēngdù,elegance (for men); elegant demeanor; grace; poise
风光,fēngguāng,scene; view; sight; landscape
风气,fēngqì,general mood; atmosphere; common practice
风趣,fēngqù,charm; humor; wit; humorous
风土人情,fēngtǔrénqíng,local conditions and customs (idiom)
风味,fēngwèi,distinctive flavor; distinctive style
封闭,fēngbì,to close; to seal off; to close down
封建,fēngjiàn,system of enfeoffment; feudalism; feudal; feudalistic
封锁,fēngsuǒ,to blockade; to seal off; to lock down
锋利,fēnglì,sharp (e.g. knife blade); incisive; to the point
逢,féng,to meet by chance; to come across; (of a date) to fall on
奉献,fèngxiàn,to offer respectfully; to consecrate; to dedicate; to devote
否决,fǒujué,to veto; to overrule
敷衍,fūyǎn,to elaborate (on a theme); to expound (the classics); perfunctory; to skimp
服气,fúqì,to be convinced; to accept
俘虏,fúlǔ,captive
符号,fúhào,symbol; mark; sign
幅度,fúdù,width; extent; range; scope
福利,fúlì,material benefit; benefit in kind; (social) welfare
福气,fúqi,good fortune; a blessing
辐射,fúshè,radiation
抚养,fǔyǎng,to foster; to bring up; to raise
俯仰,fǔyǎng,lowering and raising of the head; (fig.) small move; pitch (position angle)
辅助,fǔzhù,to assist; to aid; supplementary; auxiliary
腐败,fǔbài,corruption; to corrupt; to rot; rotten
腐烂,fǔlàn,to rot; to putrefy; (fig.) corrupt
腐蚀,fǔshí,corrosion; to corrode (degrade chemically); to rot; corruption
腐朽,fǔxiǔ,rotten; decayed; decadent; degenerate
负担,fùdān,to bear (an expense a responsibility etc); burden
附和,fùhè,to agree; to go along with; to echo (what sb says)
附件,fùjiàn,enclosure; attachment (email); appendix
附属,fùshǔ,subsidiary; auxiliary; attached; affiliated
复活,fùhuó,to revive; (lit. and fig.) to come back to life; (religion) resurrection
复兴,fùxīng,to revive; to rejuvenate; renaissance
副,fù,secondary; auxiliary; deputy; assistant
副作用,fùzuòyòng,side effect
富裕,fùyù,prosperous; affluent; well-off
赋予,fùyǔ,to assign; to entrust (a task); to give; to bestow
腹泻,fùxiè,diarrhea; to have the runs
覆盖,fùgài,to cover
夫妇,fūfù,a (married) couple; husband and wife
夫人,fūren,lady; madam; Mrs.
改良,gǎiliáng,to improve (sth); to reform (a system)
盖章,gàizhāng,to affix a seal; to stamp (a document); to sign off on sth
甘心,gānxīn,to be willing to; to resign oneself to
尴尬,gāngà,awkward; embarrassed
感慨,gǎnkǎi,to sigh with sorrow; regret etc; rueful; deeply moved
感染,gǎnrǎn,to infect; infection; (fig.) to influence
干旱,gānhàn,drought; arid; dry
干劲,gànjìn,enthusiasm for doing sth
干扰,gānrǎo,to disturb; to interfere; perturbation; interference (physics)
干涉,gānshè,to interfere; to meddle; interference
干预,gānyù,to meddle; to intervene; intervention
杠杆,gànggǎn,lever; pry bar; crowbar; financial leverage
纲领,gānglǐng,program (i.e. plan of action); guiding principle
岗位,gǎngwèi,a post; a job
港口,gǎngkǒu,port; harbor
港湾,gǎngwān,bay serving as a harbor
高超,gāochāo,excellent; superlative
高潮,gāocháo,high tide; high water; upsurge; peak of activity
高峰,gāofēng,peak; summit; height
高考,gāokǎo,college entrance exam; gaokao
高明,gāomíng,brilliant; wise; superior
高尚,gāoshàng,noble; lofty; refined; exquisite
高涨,gāozhǎng,to surge up; to rise; (of tensions etc) to run high
稿件,gǎojiàn,piece of writing submitted for publication; manuscript; article
告辞,gàocí,to say goodbye; to take one's leave
告诫,gàojiè,to warn; to admonish
疙瘩,gēda,swelling or lump on skin; pimple; knot; lump
割,gē,to cut; to cut apart
搁,gē,to place; to put aside; to shelve; to bear
歌颂,gēsòng,to sing the praises of; to extol; to eulogize
格局,géjú,structure; pattern; layout
格式,géshì,form; specification; format
隔阂,géhé,misunderstanding; estrangement; (language etc) barrier
隔离,gélí,to separate; to isolate
个体,gètǐ,individual
各抒己见,gèshūjǐjiàn,everyone gives their own view
给予,jǐyǔ,(literary) to give; to accord; to render
根深蒂固,gēnshēndìgù,deep-rooted (problem etc)
根源,gēnyuán,origin; root (cause)
跟前,gēnqián,the front (of); (in) front; (in) sb's presence; just before (a date)
跟随,gēnsuí,to follow
跟踪,gēnzōng,to follow sb's tracks; to tail; to shadow; tracking
耕地,gēngdì,arable land; to plow land
更新,gēngxīn,to replace the old with new; to renew; to renovate; to upgrade
更正,gēngzhèng,to correct; to make a correction
工夫,gōngfu,(period of) time; effort
工艺品,gōngyìpǐn,handicraft article; handiwork
公安局,gōngānjú,public security bureau (government office similar in function to a police station)
公道,gōngdào,justice; fairness; public highway; fair
公告,gōnggào,post; announcement
公关,gōngguān,public relations
公民,gōngmín,citizen
公婆,gōngpó,husband's parents; parents-in-law
公然,gōngrán,openly; publicly; undisguised
公认,gōngrèn,publicly known (to be); accepted (as)
公式,gōngshì,formula
公务,gōngwù,official business
公正,gōngzhèng,just; fair; equitable
公证,gōngzhèng,notarization; notarized; acknowledgement
功课,gōngkè,homework; assignment; task; classwork
功劳,gōngláo,contribution; meritorious service; credit
功效,gōngxiào,efficacy
攻击,gōngjī,to attack; to accuse; to charge; an attack (terrorist or military)
攻克,gōngkè,to capture; to take; to overcome; to solve
供不应求,gōngbùyìngqiú,supply does not meet demand
供给,gōngjǐ,to furnish; to provide; supply (as in supply and demand)
宫殿,gōngdiàn,palace
恭敬,gōngjìng,deferential; respectful
巩固,gǒnggù,to consolidate; consolidation; to strengthen
共和国,gònghéguó,republic
共计,gòngjì,to sum up to; to total
共鸣,gòngmíng,(physics) to resonate; resonance; sympathetic response
勾结,gōujié,to collude with; to collaborate with; to gang up with
钩子,gōuzi,hook
构思,gòusī,to design; to plot; to plan out; to compose
姑且,gūqiě,for the time being; tentatively
孤独,gūdú,lonely; solitary
孤立,gūlì,isolated; to isolate
辜负,gūfù,to fail to live up (to expectations); unworthy (of trust); to let down; to betray (hopes)
古董,gǔdǒng,curio; antique
古怪,gǔguài,strange; weird; eccentric; bizarre
股东,gǔdōng,shareholder; stockholder
股份,gǔfèn,a share (in a company); stock
骨干,gǔgàn,diaphysis (long segment of a bone); fig. backbone
鼓动,gǔdòng,to agitate; to incite; to urge
固然,gùrán,admittedly (it's true that...)
固有,gùyǒu,intrinsic to sth; inherent; native
固执,gùzhí,obstinate; stubborn; to fixate on; to cling to
故乡,gùxiāng,home; homeland; native place
故障,gùzhàng,malfunction; breakdown; defect; shortcoming
顾虑,gùlǜ,misgivings; apprehensions
顾问,gùwèn,adviser; consultant
拐杖,guǎizhàng,crutches; crutch; walking stick
关照,guānzhào,to take care; to keep an eye on; to look after; to tell
观光,guānguāng,to tour; sightseeing; tourism
官方,guānfāng,government; official (approved or issued by an authority)
管辖,guǎnxiá,to administer; to have jurisdiction (over)
贯彻,guànchè,to implement; to put into practice; to carry out
惯例,guànlì,convention; usual practice
灌溉,guàngài,to irrigate
罐,guàn,can; jar; pot
光彩,guāngcǎi,luster; splendor; radiance; brilliance
光辉,guānghuī,radiance; glory; brilliant; magnificent
光芒,guāngmáng,rays of light; brilliant rays; radiance
广阔,guǎngkuò,wide; vast
归根到底,guīgēndàodǐ,after all; in the final analysis; ultimately
归还,guīhuán,to return sth; to revert
归纳,guīnà,to sum up; to summarize; to conclude from facts; induction (method of deduction in logic)
规范,guīfàn,norm; standard; specification; regulation
规格,guīgé,standard; norm; specification
规划,guīhuà,to draw up a plan; to map out a program; a plan; a program
规章,guīzhāng,rule; regulation
轨道,guǐdào,track (for trains); orbit; trajectory
贵族,guìzú,lord; nobility; nobleman; noblewoman
跪,guì,to kneel
棍棒,gùnbàng,club; staff; stick
国防,guófáng,national defense
国务院,Guówùyuàn,State Council (PRC); State Department (USA)
果断,guǒduàn,firm; decisive
过度,guòdù,excessive; over-; excess; going too far
过渡,guòdù,to cross over (by ferry); transition; interim; caretaker (administration)
过奖,guòjiǎng,to overpraise; to flatter
过滤,guòlǜ,to filter; filter
过失,guòshī,error; fault; (law) negligence; delinquency
过问,guòwèn,to show an interest in; to get involved with
过瘾,guòyǐn,to satisfy a craving; to get a kick out of sth; gratifying; immensely enjoyable
过于,guòyú,too much; excessively
嗨,hāi,hi!; hey!
还原,huányuán,to restore to the original state; to reconstruct (an event); reduction (chemistry)
海拔,hǎibá,height above sea level; elevation
海滨,hǎibīn,shore; seaside
含糊,hánhu,ambiguous; vague; careless; perfunctory
含义,hányì,meaning (implicit in a phrase); implied meaning; hidden meaning; hint
寒暄,hánxuān,to exchange conventional greetings; to exchange pleasantries
罕见,hǎnjiàn,rare; rarely seen
捍卫,hànwèi,to defend; to uphold; to safeguard
航空,hángkōng,aviation
航天,hángtiān,space flight
航行,hángxíng,to sail; to fly; to navigate
毫米,háomǐ,millimeter
毫无,háowú,not in the least; to completely lack
豪迈,háomài,bold; open-minded; heroic
好客,hàokè,hospitality; to treat guests well; to enjoy having guests; hospitable
号召,hàozhào,to call; to appeal
耗费,hàofèi,to waste; to spend; to consume; to squander
合并,hébìng,to merge; to annex
合成,héchéng,to compose; to constitute; compound; synthesis
合乎,héhū,to accord with; to conform to
合伙,héhuǒ,to act jointly; to form a partnership
合身,héshēn,well-fitting (of clothes)
合算,hésuàn,worthwhile; to be a good deal; to be a bargain; to reckon up
和蔼,héǎi,kindly; nice; amiable
和解,héjiě,to settle (a dispute out of court); to reconcile; settlement; conciliation
和睦,hémù,peaceful relations; harmonious
和气,héqi,friendly; polite; amiable
和谐,héxié,harmonious; harmony; (euphemism) to censor
嘿,hēi,hey
痕迹,hénjì,vestige; mark; trace
狠心,hěnxīn,callous; heartless; to resolve (to do sth); firm resolve (as in 心)
恨不得,hènbude,wishing one could do sth; to hate to be unable; itching to do sth
哼,hēng,to groan; to snort; to hum; to croon
轰动,hōngdòng,to cause a sensation; to create a stir in (a place); commotion; controversy
哄,hǒng,to coax; to soothe; (hōng) roar of laughter
烘,hōng,to bake; to heat by fire; to set off by contrast
红包,hóngbāo,money wrapped in red as a gift; bonus payment; kickback; bribe
宏观,hóngguān,macro-; macroscopic; holistic
宏伟,hóngwěi,grand; imposing; magnificent
洪水,hóngshuǐ,deluge; flood
喉咙,hóulóng,the throat
吼,hǒu,to roar; to howl; to shriek; roar or howl of an animal
后代,hòudài,descendant; progeny; posterity; later ages
后顾之忧,hòugùzhīyōu,family worries; worries about the future; trouble in the rear
后勤,hòuqín,logistics
候选,hòuxuǎn,candidate (attributive)
呼啸,hūxiào,to whistle; to scream; to whiz
呼吁,hūyù,to call on (sb to do sth); to appeal (to); an appeal
忽略,hūlu:è,to neglect; to overlook; to ignore
胡乱,húluàn,careless; reckless; casually; absent-mindedly
湖泊,húpō,lake
互联网,Hùliánwǎng,Internet
花瓣,huābàn,petal
华丽,huálì,gorgeous
华侨,Huáqiáo,overseas Chinese
化肥,huàféi,fertilizer
化石,huàshí,fossil
化验,huàyàn,chemical examination; to do a lab test
化妆,huàzhuāng,to put on makeup
划分,huàfēn,to divide up; to partition; to differentiate
画蛇添足,huàshétiānzú,to ruin the effect by adding sth superfluous; to overdo it
话筒,huàtǒng,microphone; (telephone) receiver; handset
怀孕,huáiyùn,pregnant; to have conceived; gestation; pregnancy
环节,huánjié,link; stage (of a process); segment
缓和,huǎnhé,to ease (tension); to alleviate; to moderate; to allay
患者,huànzhě,patient; sufferer
欢乐,huānlè,gaiety; gladness; glee; merriment
荒凉,huāngliáng,desolate
荒谬,huāngmiù,absurd; ridiculous
荒唐,huāngtáng,beyond belief; preposterous; absurd; intemperate
慌忙,huāngmáng,in a great rush; in a flurry
黄昏,huánghūn,dusk; evening; nightfall
恍然大悟,huǎngrándàwù,to suddenly realize; to suddenly see the light
挥霍,huīhuò,to squander money; extravagant; prodigal; free and easy
辉煌,huīhuáng,splendid; glorious
回报,huíbào,(in) return; reciprocation; payback; retaliation
回避,huíbì,to shun; to avoid (sb); to skirt; to evade (an issue)
回顾,huígù,to look back; to review
回收,huíshōu,to recycle; to reclaim; to retrieve; to recover
悔恨,huǐhèn,remorse; repentance
毁灭,huǐmiè,to perish; to ruin; to destroy
汇报,huìbào,to report; to give an account of; to collect information and report back; to report
会晤,huìwù,to meet; meeting; conference
贿赂,huìlù,to bribe; a bribe
昏迷,hūnmí,to lose consciousness; to be in a coma; stupor; coma
浑身,húnshēn,all over; from head to foot
混合,hùnhé,to mix; to blend; hybrid; composite
混乱,hùnluàn,confusion; chaos; disorder
混淆,hùnxiáo,to obscure; to confuse; to mix up; to blur
混浊,hùnzhuó,turbid; muddy; dirty
活该,huógāi,(coll.) serve sb right; deservedly; ought; should
活力,huólì,energy; vitality; vigor; vital force
火箭,huǒjiàn,rocket
火焰,huǒyàn,blaze; flame
火药,huǒyào,gunpowder
或许,huòxǔ,perhaps; maybe
货币,huòbì,currency; monetary; money
讥笑,jīxiào,to sneer
饥饿,jīè,hunger; starvation; famine
机动,jīdòng,locomotive; motorized; power-driven; adaptable
机构,jīgòu,mechanism; structure; organization; agency
机关,jīguān,mechanism; gear; machine-operated; office
机灵,jīling,clever; quick-witted
机密,jīmì,secret; classified (information)
机械,jīxiè,machine; machinery; mechanical; (old) cunning
机遇,jīyù,opportunity; favorable circumstance; stroke of luck
机智,jīzhì,quick-witted; resourceful
迹象,jìxiàng,sign; indication; mark; indicator
基地,jīdì,base (of operations); industrial or military base; al-Qaeda
基金,jījīn,fund
基因,jīyīn,gene (loanword)
激发,jīfā,to arouse; to stimulate; (physics) to excite
激励,jīlì,to encourage; to urge; motivation; incentive
激情,jīqíng,passion; fervor; enthusiasm; strong emotion
及早,jízǎo,at the earliest possible time; as soon as possible
吉祥,jíxiáng,lucky; auspicious; propitious
级别,jíbié,(military) rank; level; grade
即便,jíbiàn,even if; even though; right away; immediately
即将,jíjiāng,on the eve of; to be about to; to be on the verge of
极端,jíduān,extreme
极限,jíxiàn,limit; extreme boundary
急功近利,jígōngjìnlì,seeking instant benefit (idiom); shortsighted vision; looking only for fast return
急剧,jíjù,rapid; sudden
急切,jíqiè,eager; impatient
急于求成,jíyúqiúchéng,anxious for quick results; impatient for success
急躁,jízào,irritable; irascible; impetuous
疾病,jíbìng,disease; sickness; ailment
集团,jítuán,group; bloc; corporation; conglomerate
嫉妒,jídù,to be jealous of; to envy
籍贯,jíguàn,one's native place; place of ancestry; registered birthplace
计较,jìjiào,to bother about; to haggle; to bicker; to argue
记性,jìxing,memory (ability to retain information)
记载,jìzǎi,to write down; to record; written account
纪要,jìyào,minutes; written summary of a meeting
忌讳,jìhuì,taboo; to avoid as taboo; to abstain from
技能,jìnéng,technical ability; skill
技巧,jìqiǎo,skill; technique
季度,jìdù,quarter of a year; season (sports)
季军,jìjūn,third in a race; bronze medalist
继承,jìchéng,to inherit; to succeed to (the throne etc); to carry on (a tradition etc)
继往开来,jìwǎngkāilái,to follow the past and herald the future; to carry on the legacy
寂静,jìjìng,quiet
寄托,jìtuō,to entrust; to place one's hopes in; emotional sustenance
加工,jiāgōng,to process; processing; working (of machinery)
加剧,jiājù,to intensify
夹杂,jiāzá,to mix together (disparate substances); to mingle; a mix; to be tangled up with
佳肴,jiāyáo,fine food; delicacies; delicious food
家常,jiācháng,the daily life of a family
家伙,jiāhuo,household dish; implement or furniture; domestic animal; (coll.) guy; chap
家属,jiāshǔ,family member; (family) dependent
家喻户晓,jiāyùhùxiǎo,understood by everyone (idiom); well known; a household name
假设,jiǎshè,to suppose; to presume; to assume; supposing that ...
假使,jiǎshǐ,if; in case; suppose; given ...
尖端,jiānduān,sharp pointed end; the tip; the cusp; tip-top
坚定,jiāndìng,firm; steady; staunch; resolute
坚固,jiāngù,firm; firmly; hard; stable
坚韧,jiānrèn,tough and durable; tenacious
坚实,jiānshí,firm and substantial; solid
坚硬,jiānyìng,hard; solid
间谍,jiàndié,spy
间隔,jiàngé,gap; interval; compartment; to divide
间接,jiànjiē,indirect
艰难,jiānnán,difficult; hard; challenging
兼职,jiānzhí,to hold concurrent posts; concurrent job; moonlighting
监督,jiāndū,to control; to supervise; to inspect
监视,jiānshì,to monitor; to keep a close watch over; surveillance
监狱,jiānyù,prison
拣,jiǎn,to choose; to pick; to sort out; to pick up
剪彩,jiǎncǎi,to cut the ribbon (at a launching or opening ceremony)
检讨,jiǎntǎo,to examine or inspect; self-criticism; review
检验,jiǎnyàn,to inspect; to examine; to test
简化,jiǎnhuà,to simplify
简陋,jiǎnlòu,simple and crude
简体字,jiǎntǐzì,simplified Chinese character; as opposed to traditional Chinese character 繁体字
简要,jiǎnyào,concise; brief
见多识广,jiànduōshíguǎng,experienced and knowledgeable (idiom)
见解,jiànjiě,opinion; view; understanding
见闻,jiànwén,what one has seen and heard; knowledge; one's experience
见义勇为,jiànyìyǒngwéi,to stand up bravely for what is right; to act heroically in a just cause
健全,jiànquán,robust; sound
舰艇,jiàntǐng,warship; naval vessel
溅,jiàn,to splash
践踏,jiàntà,to trample
鉴别,jiànbié,to differentiate; to distinguish
鉴定,jiàndìng,to appraise; to identify; to evaluate
鉴于,jiànyú,in view of; seeing that; considering; whereas
将近,jiāngjìn,almost; nearly; close to
将军,jiāngjūn,general (military officer); to checkmate
僵硬,jiāngyìng,stiff; rigid
奖励,jiǎnglì,to reward; reward (as encouragement)
奖赏,jiǎngshǎng,reward; prize; award
桨,jiǎng,oar; paddle
降临,jiànglín,to descend; to arrive; to come
交叉,jiāochā,to cross; to intersect; to overlap
交代,jiāodài,to transfer (duties to sb else); to give instructions; to tell (sb to do sth); to explain
交涉,jiāoshè,to negotiate (with); to have dealings (with)
交往,jiāowǎng,to associate (with); to have contact (with); to hang out (with); to date
交易,jiāoyì,to deal; to trade; to transact; transaction
娇气,jiāoqì,delicate; squeamish; finicky
焦点,jiāodiǎn,focal point; focus (lit. and fig.)
焦急,jiāojí,anxiety; anxious
角落,jiǎoluò,nook; corner
搅拌,jiǎobàn,to stir; to agitate
缴纳,jiǎonà,to pay (taxes etc)
较量,jiàoliàng,to pit oneself against sb; to compete with sb; contest; battle
教养,jiàoyǎng,to educate; to bring up; to nurture; upbringing
阶层,jiēcéng,social class
皆,jiē,all; each and every; in all cases
接连,jiēlián,on end; in a row; in succession
揭发,jiēfā,to expose; to bring to light; to disclose; revelation
揭露,jiēlù,to expose; to unmask; to ferret out; to disclose
节奏,jiézòu,rhythm; tempo; musical pulse; cadence
杰出,jiéchū,outstanding; distinguished; remarkable; prominent
结晶,jiéjīng,to crystallize; crystallization; crystal; crystalline
结局,jiéjú,conclusion; ending
结算,jiésuàn,to settle a bill; to close an account
截至,jiézhì,up to (a time); by (a time)
竭尽全力,jiéjìnquánlì,to spare no effort (idiom); to do one's utmost
解除,jiěchú,to remove; to sack; to get rid of; to relieve (sb of their duties)
解雇,jiěgù,to fire; to sack; to dismiss; to terminate employment
解剖,jiěpōu,to dissect (an animal); to analyze; anatomy
解散,jiěsàn,to dissolve; to disband
解体,jiětǐ,to break up into components; to disintegrate; to collapse; to crumble
戒备,jièbèi,to take precautions; to guard against (emergency)
界限,jièxiàn,boundary
借鉴,jièjiàn,to draw on (others' experience); to learn from; to use for reference
借助,jièzhù,to draw support from; with the help of
金融,jīnróng,banking; finance; financial
津津有味,jīnjīnyǒuwèi,with keen interest (idiom); with great pleasure; with gusto; eagerly
尽快,jǐnkuài,as quickly as possible; as soon as possible; see 尽快
紧密,jǐnmì,inseparably close
紧迫,jǐnpò,pressing; urgent
锦绣前程,jǐnxiùqiánchéng,bright future; bright prospects
劲头,jìntóu,enthusiasm; zeal; vigor; strength
近来,jìnlái,recently; lately
近视,jìnshì,shortsighted; nearsighted; myopia
进而,jìnér,and then (what follows next)
进攻,jìngōng,to attack; to assault; to go on the offensive; attack
进化,jìnhuà,evolution
进展,jìnzhǎn,to make headway; to make progress
晋升,jìnshēng,to promote to a higher position
浸泡,jìnpào,to steep; to soak; to immerse
经费,jīngfèi,funds; expenditure
经商,jīngshāng,to trade; to carry out commercial activities; in business
经纬,jīngwěi,warp and woof; longitude and latitude; main points
茎,jīng,stalk; stem
惊动,jīngdòng,to alarm; to startle; to disturb
惊奇,jīngqí,to be amazed; to be surprised; to wonder
惊讶,jīngyà,amazed; astonished; to surprise; amazing
兢兢业业,jīngjīngyèyè,(idiom) conscientious; assiduous
精打细算,jīngdǎxìsuàn,meticulous planning and careful accounting (idiom)
精华,jīnghuá,best feature; most important part of an object; quintessence; essence
精简,jīngjiǎn,to simplify; to reduce
精密,jīngmì,accuracy; exact; precise; refined
精确,jīngquè,accurate; precise
精通,jīngtōng,to be proficient in; to master (a subject)
精心,jīngxīn,with utmost care; fine; meticulous; detailed
精益求精,jīngyìqiújīng,to perfect sth that is already outstanding (idiom); constantly improving
精致,jīngzhì,delicate; fine; exquisite; refined
井,jǐng,a well; neat; orderly
颈椎,jǐngzhuī,cervical vertebra; the seven cervical vertebrae in the neck of humans and most mammals
警告,jǐnggào,to warn; to admonish
警惕,jǐngtì,to be on the alert; vigilant; alert; on guard
竞赛,jìngsài,to compete; to race; contest; competition
竞选,jìngxuǎn,to take part in an election; to run for office
敬礼,jìnglǐ,to salute; salute
境界,jìngjiè,boundary; state; realm
镜头,jìngtóu,camera lens; camera shot (in a movie etc); scene
纠纷,jiūfēn,dispute
纠正,jiūzhèng,to correct; to make right
酒精,jiǔjīng,alcohol; ethanol CH3CH2OH; ethyl alcohol; grain alcohol
救济,jiùjì,emergency relief; to help the needy with cash or goods
就近,jiùjìn,nearby; in a close neighborhood
就业,jiùyè,to get a job; employment
就职,jiùzhí,to take office; to assume a post
居住,jūzhù,to reside; to dwell; to live in a place; resident in
拘留,jūliú,to detain (a prisoner); to keep sb in custody
拘束,jūshù,to restrict; to restrain; constrained; awkward
鞠躬,jūgōng,to bow; (literary) to bend down
局部,júbù,part; local
局面,júmiàn,aspect; phase; situation
局势,júshì,situation; state (of affairs)
局限,júxiàn,to limit; to confine; to restrict sth within set boundaries
咀嚼,jǔjué,to chew; to think over
沮丧,jǔsàng,dispirited; dejected; dismayed
举动,jǔdòng,act; action; activity; move
举世闻名,jǔshìwénmíng,world-famous (idiom)
举世瞩目,jǔshìzhǔmù,to receive worldwide attention
举足轻重,jǔzúqīngzhòng,to play a critical role (idiom); influential
剧本,jùběn,script for play; opera; movie etc; screenplay; scenario
剧烈,jùliè,violent; acute; severe; fierce
据悉,jùxī,according to reports; it is reported (that)
聚精会神,jùjīnghuìshén,to concentrate one's attention (idiom)
决策,juécè,strategic decision; decision-making; policy decision; to determine policy
绝望,juéwàng,to despair; to give up all hope; desperate; desperation
觉悟,juéwù,to come to understand; to realize; consciousness; awareness
觉醒,juéxǐng,to awaken; to come to realize; awakened to the truth; the truth dawns upon one
军队,jūnduì,armed forces; troops
卡通,kǎtōng,cartoon (loanword)
开采,kāicǎi,to extract (ore or other resource from a mine); to exploit; to mine
开除,kāichú,to expel (a member of an organization); to fire (an employee)
开阔,kāikuò,wide; open (spaces); to open up
开朗,kāilǎng,spacious and well-lit; open and clear; (of character) optimistic; cheerful
开明,kāimíng,enlightened; open-minded; enlightenment
开辟,kāipì,to open up; to set up; to establish
开水,kāishuǐ,boiled water; boiling water
开拓,kāituò,to open up; to develop; to break new ground
开展,kāizhǎn,to launch; to develop; to unfold; (of an exhibition etc) to open
开支,kāizhī,expenditures; expenses; to spend money; (coll.) to pay wages
刊登,kāndēng,to carry a story; to publish (in a newspaper or magazine)
刊物,kānwù,publication
勘探,kāntàn,to explore; to survey; to prospect (for oil etc); prospecting
看待,kàndài,to look upon; to regard
看望,kànwàng,to pay a visit to; to see (sb)
慷慨,kāngkǎi,vehement; fervent; generous; magnanimous
扛,káng,to carry on the shoulder; to shoulder (a burden)
考察,kǎochá,to inspect; to observe and study; on-the-spot investigation
考古,kǎogǔ,archaeology
考核,kǎohé,to examine; to check up on; to assess; to review
考验,kǎoyàn,to test; to put to the test; trial; ordeal
靠拢,kàolǒng,to draw close to
科目,kēmù,academic subject; field of study
颗粒,kēlì,kernel; granule; granulated (sugar chemical product)
磕,kē,to tap; to knock (against sth hard); to knock (mud from boots ashes from a pipe etc)
可恶,kěwù,repulsive; vile; hateful; abominable
可观,kěguān,considerable; impressive; significant
可口,kěkǒu,tasty; to taste good
可笑,kěxiào,funny; ridiculous
可行,kěxíng,feasible
渴望,kěwàng,to thirst for; to long for
刻不容缓,kèbùrónghuǎn,to brook no delay; to demand immediate action
客户,kèhù,client; customer
课题,kètí,task; problem; issue
恳切,kěnqiè,earnest; sincere
啃,kěn,to gnaw; to nibble; to bite
坑,kēng,pit; depression; hollow; tunnel
空白,kòngbái,blank space
空洞,kōngdòng,cavity; empty; vacuous
空前绝后,kōngqiánjuéhòu,unprecedented and never to be duplicated; the first and the last; unmatched; unique
空隙,kòngxì,crack; gap between two objects; gap in time between two events
空想,kōngxiǎng,daydream; fantasy; to fantasize
空虚,kōngxū,hollow; emptiness; meaningless
孔,kǒng,hole; classifier for cave dwellings
恐惧,kǒngjù,to be frightened; fear; dread
恐吓,kǒnghè,to threaten; to menace
口气,kǒuqì,tone of voice; the way one speaks; manner of expression; tone
口腔,kǒuqiāng,oral cavity
口头,kǒutóu,oral; verbal
口音,kǒuyīn,oral speech sounds (linguistics); voice; accent
枯竭,kūjié,used up; dried up; exhausted (of resources)
枯燥,kūzào,dry and dull; uninteresting; dry-as-dust
苦尽甘来,kǔjìngānlái,the hard times are over and the good times begin; sweetness after bitterness
挎,kuà,to carry (esp. slung over the arm shoulder or side)
跨,kuà,to step across; to stride over; to straddle; to span
快活,kuàihuo,happy; cheerful
宽敞,kuānchang,spacious; wide
款待,kuǎndài,to entertain; to be hospitable to
款式,kuǎnshì,pattern; style; design; elegant
框架,kuàngjià,(construction) frame; (fig.) framework
筐,kuāng,basket
况且,kuàngqiě,moreover; besides; in addition; furthermore
旷课,kuàngkè,to play truant; to cut classes
亏待,kuīdài,to treat sb unfairly
亏损,kuīsǔn,deficit; (financial) loss
昆虫,kūnchóng,insect
捆绑,kǔnbǎng,to bind
扩充,kuòchōng,to expand
扩散,kuòsàn,to spread; to proliferate; to diffuse
扩张,kuòzhāng,expansion; dilation; to expand (e.g. one's power or influence); to broaden
喇叭,lǎba,horn (automobile etc); loudspeaker; brass wind instrument; trumpet
啦,la,(particle) sentence-final fusing 了 and 啊 (exclamation/completion)
来历,láilì,history; antecedents; origin
来源,láiyuán,source (of information etc); origin
栏目,lánmù,regular column or segment (in a publication or broadcast program); program (TV or radio)
懒惰,lǎnduò,idle; lazy
狼狈,lángbèi,in a difficult situation; to cut a sorry figure; scoundrel! (derog.)
朗读,lǎngdú,to read aloud
捞,lāo,to fish up; to dredge up
牢固,láogù,firm; secure
牢骚,láosāo,discontent; complaint; to complain
唠叨,láodao,to prattle; to chatter away; to nag; garrulous
乐谱,yuèpǔ,a musical score; sheet music
乐趣,lèqù,delight; pleasure; joy
乐意,lèyì,to be willing to do sth; to be ready to do sth; to be happy to do sth; content
雷达,léidá,radar (loanword)
类似,lèisì,similar; analogous
冷淡,lěngdàn,cold; indifferent
冷酷,lěngkù,unfeeling; callous
冷却,lěngquè,to cool (lit. and fig.)
愣,lèng,to look distracted; to stare blankly; distracted; blank
黎明,límíng,dawn; daybreak
礼节,lǐjié,etiquette
里程碑,lǐchéngbēi,milestone
理睬,lǐcǎi,to heed; to pay attention to
理所当然,lǐsuǒdāngrán,as a matter of course; naturally; to be expected
理直气壮,lǐzhíqìzhuàng,bold and confident with justice on one's side; in the right and self-confident
理智,lǐzhì,reason; intellect; rationality; rational
力所能及,lìsuǒnéngjí,within one's power; to the best of one's ability
力图,lìtú,to try hard to; to strive to
力争,lìzhēng,to work hard for; to do all one can; to contend strongly
历代,lìdài,successive generations; successive dynasties; past dynasties
历来,lìlái,always; throughout (a period of time); (of) all-time
立场,lìchǎng,position; standpoint
立交桥,lìjiāoqiáo,overpass; flyover
立体,lìtǐ,three-dimensional; solid; stereoscopic
立足,lìzú,to stand; to have a footing; to be established; to base oneself on
利害,lìhài,pros and cons; advantages and disadvantages; gains and losses; terrible
利率,lìlǜ,interest rates
例外,lìwài,exception; to be an exception
连年,liánnián,successive years; over many years
连锁,liánsuǒ,to interlock; to be linked; chain (store etc)
连同,liántóng,together with; along with
联欢,liánhuān,to have a get-together; celebration; party
联络,liánluò,to get in touch with; to contact; to stay in contact (with); liaison
联盟,liánméng,alliance; union; coalition
联想,liánxiǎng,to associate (ideas); mental association
廉洁,liánjié,incorruptible; unbribable; honest
良心,liángxīn,conscience
谅解,liàngjiě,to understand; to make allowances for; understanding
晾,liàng,to dry in the air; (fig.) to cold-shoulder
辽阔,liáokuò,vast; extensive
列举,lièjǔ,a list; to list; to enumerate
临床,línchuáng,clinical
淋,lín,to sprinkle; to drip; to pour; to drench
吝啬,lìnsè,stingy; mean; miserly
灵感,línggǎn,inspiration; insight; a burst of creativity in scientific or artistic endeavor
灵魂,línghún,soul; spirit
灵敏,língmǐn,smart; clever; sensitive; keen
凌晨,língchén,very early in the morning; in the wee hours
零星,língxīng,fragmentary; random; bits and pieces; sporadic
领会,lǐnghuì,to understand; to comprehend; to grasp
领事馆,lǐngshìguǎn,consulate
领土,lǐngtǔ,territory
领悟,lǐngwù,to understand; to comprehend
领先,lǐngxiān,to lead; to be in front
领袖,lǐngxiù,leader
伶俐,línglì,clever; witty; intelligent
溜,liū,to slip away; to escape in stealth; to skate; used in 溜
流浪,liúlàng,to drift about; to wander; to roam; nomadic
流露,liúlù,to reveal; to show (one's feelings) unintentionally
流氓,liúmáng,rogue; hoodlum; gangster; immoral behavior
流通,liútōng,to circulate; to distribute; circulation; distribution
留恋,liúliàn,reluctant to leave; to hate to have to go; to recall fondly
留念,liúniàn,to keep as a souvenir; to recall fondly
留神,liúshén,to take care; to be careful
笼罩,lǒngzhào,to envelop; to shroud
聋哑,lóngyǎ,deaf and dumb
隆重,lóngzhòng,grand; prosperous; ceremonious; solemn
垄断,lǒngduàn,to monopolize
搂,lǒu,to hug; to embrace; (lōu) to gather up; to rake
炉灶,lúzào,stove
屡次,lǚcì,repeatedly; time and again
履行,lǚxíng,to fulfill (one's obligations); to carry out; to perform
率领,shuàilǐng,to lead; to command; to head
轮船,lúnchuán,steamship; steamer; steamboat
轮廓,lúnkuò,an outline; silhouette
轮胎,lúntāi,tire; pneumatic tire
论坛,lùntán,forum (for discussion)
论证,lùnzhèng,to prove a point; to expound on; to demonstrate or prove (through argument); proof
啰唆,luōsuo,long-winded; wordy; fussy
螺丝钉,luósīdīng,screw
络绎不绝,luòyìbùjué,(idiom) continuously; in an endless stream
落成,luòchéng,to complete a construction project
落实,luòshí,practical; workable; to implement; to carry out
麻痹,mábì,paralysis; palsy; numbness; to benumb
麻木,mámù,numb; insensitive; apathetic
麻醉,mázuì,anesthesia; to anesthetize; (fig.) to corrupt (sb's mind); to enervate
码头,mǎtóu,dock; pier; wharf
嘛,ma,(particle) indicating the obvious or urging
埋伏,máifú,to ambush; to lie in wait for; to lie low; ambush
埋没,máimò,to engulf; to bury; to overlook; to stifle
埋怨,mányuàn,to complain; to grumble (about); to reproach; to blame
埋葬,máizàng,to bury
迈,mài,to take a step; to stride
脉搏,màibó,pulse (both medical and figurative)
慢性,mànxìng,slow and patient; chronic (disease); slow to take effect (e.g. a slow poison)
漫画,mànhuà,caricature; cartoon; Japanese manga
漫长,màncháng,very long; endless
蔓延,mànyán,to extend; to spread
忙碌,mánglù,busy; bustling
盲目,mángmù,blind; blindly; ignorant; lacking understanding
茫茫,mángmáng,boundless; vast and obscure
茫然,mángrán,blankly; vacantly; at a loss
茂盛,màoshèng,lush
冒充,màochōng,to feign; to pretend to be; to pass oneself off as
没辙,méizhé,at one's wit's end; unable to find a way out
枚,méi,classifier for coins (and other small objects)
媒介,méijiè,intermediary; vehicle; vector; medium
媒体,méitǐ,media; esp. news media
美观,měiguān,pleasing to the eye; beautiful; artistic
美满,měimǎn,happy; blissful
美妙,měimiào,beautiful; wonderful; splendid
门诊,ménzhěn,outpatient service
萌芽,méngyá,to sprout (lit. or fig.); to bud; to germinate; germ
蒙,méng,to cover; ignorant (启蒙); to receive (承蒙); (mēng) to deceive; to cheat; (Měng) Mongolia
猛烈,měngliè,fierce; violent; vigorous; intense
梦想,mèngxiǎng,(fig.) to dream of; dream
眯,mī,to narrow the eyes; to squint
弥补,míbǔ,to complement; to make up for a deficiency
弥漫,mímàn,to pervade; to fill the air; diffuse; everywhere present
迷惑,míhuo,to puzzle; to confuse; to baffle
迷人,mírén,fascinating; enchanting; charming; tempting
迷失,míshī,to lose (one's bearings); to get lost
迷信,míxìn,superstition; to have a superstitious belief (in sth)
密度,mìdù,density; thickness
密封,mìfēng,to seal up
免得,miǎnde,so as not to; so as to avoid
免疫,miǎnyì,immunity (to disease)
勉励,miǎnlì,to encourage
勉强,miǎnqiǎng,to do with difficulty; to force sb to do sth; reluctant; barely enough
面貌,miànmào,face; features; appearance; look
面子,miànzi,outer surface; the outside of sth; social prestige; face
描绘,miáohuì,to describe; to portray
渺小,miǎoxiǎo,minute; tiny; negligible; insignificant
灭亡,mièwáng,to be destroyed; to become extinct; to perish; to die out
蔑视,mièshì,to loathe; to despise; contempt
民间,mínjiān,among the people; popular; folk; non-governmental
民用,mínyòng,(for) civilian use
敏感,mǐngǎn,sensitive; susceptible
敏捷,mǐnjié,nimble; quick; shrewd
敏锐,mǐnruì,keen; sharp; acute
名次,míngcì,position in a ranking of names; place; rank
名额,míngé,quota; number of places; place (in an institution a group etc)
名副其实,míngfùqíshí,not just in name only; but also in reality (idiom); aptly named; worthy of the name
名誉,míngyù,fame; reputation; honor; honorary
明明,míngmíng,obviously; plainly; undoubtedly; definitely
命名,mìngmíng,to give a name to; to dub; to christen; to designate
摸索,mōsuo,to feel about; to grope about; to fumble; to do things slowly
模范,mófàn,model; fine example
模式,móshì,mode; method; pattern
模型,móxíng,model; mold; matrix; pattern
模样,múyàng,look; style; appearance; approximation
膜,mó,membrane; film
摩擦,mócā,friction; rubbing; chafing; fig. disharmony
磨合,móhé,to break in; to wear in
魔鬼,móguǐ,devil
魔术,móshù,magic
抹杀,mǒshā,to erase; to cover traces; to obliterate evidence; to expunge
莫名其妙,mòmíngqímiào,(idiom) baffling; bizarre; without rhyme or reason; inexplicable
墨水儿,mòshuǐr,ink
默默,mòmò,in silence; not speaking
谋求,móuqiú,to seek; to strive for
母语,mǔyǔ,native language; mother tongue; (linguistics) parent language
目睹,mùdǔ,to witness; to see at first hand; to see with one's own eyes
目光,mùguāng,gaze; (fig.) attention; expression in one's eyes; look
沐浴,mùyù,to take a bath; to bathe; to immerse
嗯,èn,uh-huh; yeah (agreement)
拿手,náshǒu,expert in; good at
纳闷儿,nàmènr,puzzled; bewildered
耐用,nàiyòng,durable
难得,nándé,seldom; rare; hard to come by
难堪,nánkān,hard to take; embarrassed
难免,nánmiǎn,hard to avoid; difficult to escape from; will inevitably
难能可贵,nánnéngkěguì,rare and precious; valuable; remarkable
恼火,nǎohuǒ,annoyed; riled; vexed
内涵,nèihán,meaningful content; implication; connotation (semantics); inner qualities (of a person)
内幕,nèimù,inside story; non-public information; behind the scenes; internal
内在,nèizài,inner; internal; intrinsic; innate
能量,néngliàng,energy; capabilities
拟定,nǐdìng,to draw up; to draft; to formulate
年度,niándù,year (e.g. school year fiscal year); annual
捏,niē,to pinch; to hold between the fingers; to mold
宁肯,nìngkěn,would rather...; it would be better...; would prefer
宁愿,nìngyuàn,would rather ... (than ...)
拧,níng,to pinch; wring; mistake; to twist
凝固,nínggù,to freeze; to solidify; to congeal; fig. with rapt attention
凝聚,níngjù,to condense; to coagulate; coacervation (i.e. form tiny droplets); aggregation
凝视,níngshì,to gaze at; to fix one's eyes on
扭转,niǔzhuǎn,to reverse; to turn around (an undesirable situation); (mechanics) torsion
纽扣儿,niǔkòuer,button
农历,nónglì,the traditional Chinese calendar; the lunar calendar
浓厚,nónghòu,dense; thick (fog clouds etc); to have a strong interest in; deep
奴隶,núlì,slave
虐待,nu:èdài,to mistreat; to maltreat; to abuse; mistreatment
挪,nuó,to shift; to move
哦,ó,oh (interjection of surprise or doubt); ò oh (I see)
欧洲,Oūzhōu,Europe (abbr. for 欧罗巴洲)
殴打,ōudǎ,to beat up; to come to blows; battery (law)
呕吐,ǒutù,to vomit
趴,pā,to lie on one's stomach; to lean forward
徘徊,páihuái,to pace back and forth; to dither; to hesitate; (of sales figures etc) to fluctuate
排斥,páichì,to reject; to exclude; to eliminate; to remove
排除,páichú,to eliminate; to remove; to exclude; to rule out
排放,páifàng,to emit; to discharge (waste gas etc); to arrange in order
派别,pàibié,group; sect; clique; faction
派遣,pàiqiǎn,to send (on a mission); to dispatch
攀登,pāndēng,to climb; to pull oneself up; to clamber; to scale
盘旋,pánxuán,to spiral; to circle; to go around; to hover
判决,pànjué,judgment (by a court of law); to pass judgment on; to sentence
畔,pàn,(bound form) side; edge; boundary
庞大,pángdà,huge; enormous; tremendous
抛弃,pāoqì,to abandon; to discard; to renounce; to dump (sb)
泡沫,pàomò,foam; (soap) bubble; (economic) bubble
培训,péixùn,to cultivate; to train; to groom; training
培育,péiyù,to train; to breed
配备,pèibèi,to allocate; to provide; to outfit with
配偶,pèiǒu,spouse
配套,pèitào,to form a complete set; compatible; matching; complementary
盆地,péndì,(geography) basin; depression
烹饪,pēngrèn,cooking; culinary arts
捧,pěng,to clasp; to cup the hands; to hold up with both hands; to offer (esp. in cupped hands)
批发,pīfā,wholesale; bulk trade; distribution
批判,pīpàn,to criticize; critique
劈,pī,to hack; to chop; to split open; (of lightning) to strike
皮革,pígé,leather
疲惫,píbèi,beaten; exhausted; tired
疲倦,píjuàn,to tire; tired
屁股,pìgu,buttocks; bottom; butt; back part
譬如,pìrú,for example; for instance; such as
偏差,piānchā,bias; deviation
偏见,piānjiàn,prejudice; bias
偏僻,piānpì,remote; desolate; far from the city
偏偏,piānpiān,unfortunately; contrary to expectations; of all things
片断,piànduàn,section; fragment; segment
片刻,piànkè,short period of time; a moment
飘扬,piāoyáng,to wave; to flutter; to fly
漂浮,piāofú,to float; to hover; to drift (also fig. to lead a wandering life); to rove
拼搏,pīnbó,to struggle; to wrestle
拼命,pīnmìng,to do one's utmost; with all one's might; desperately
贫乏,pínfá,impoverished; lacking; deficient; limited
贫困,pínkùn,impoverished; poverty
频繁,pínfán,frequently; often
频率,pínlǜ,frequency
品尝,pǐncháng,to taste a small amount; to sample
品德,pǐndé,moral character
品行,pǐnxíng,behavior; moral conduct
品质,pǐnzhì,quality; character
平凡,píngfán,commonplace; ordinary; mediocre
平面,píngmiàn,plane (flat surface); print media
平坦,píngtǎn,level; even; smooth; flat
平行,píngxíng,parallel; of equal rank; simultaneous
平原,píngyuán,field; plain
评估,pínggū,to evaluate; to assess; assessment; evaluation
评论,pínglùn,to comment on; to discuss; comment; commentary
屏障,píngzhàng,barrier
坡,pō,slope; sloping; slanted
颇,Pō,rather; quite; considerably; oblique
迫不及待,pòbùjídài,impatient (idiom); in a hurry; itching to get on with it
迫害,pòhài,to persecute
破例,pòlì,to make an exception
魄力,pòlì,courage; daring; boldness; resolution
泼,pō,to splash; to spill; rough and coarse; brutish
扑,pū,to throw oneself at; to pounce on; to devote one's energies; to flap
朴实,pǔshí,plain; simple; guileless; down-to-earth
普及,pǔjí,to spread extensively; to generalize; widespread; popular
铺,pù,shop; store; plank bed; (pū) to spread; to pave; to lay out
瀑布,pùbù,waterfall
曝光,bàoguāng,to expose (photography); (fig.) to expose (a scandal); (advertising) exposure
凄凉,qīliáng,mournful; miserable; desolate (place)
期望,qīwàng,to have expectations; to earnestly hope; expectation; hope
期限,qīxiàn,time limit; deadline; allotted time
欺负,qīfu,to bully
欺骗,qīpiàn,to deceive; to cheat
齐全,qíquán,complete; comprehensive
齐心协力,qíxīnxiélì,to work together with a common purpose; to pull together
奇妙,qímiào,fantastic; wonderful
歧视,qíshì,to discriminate against; discrimination
旗袍,qípáo,Chinese-style dress; cheongsam
旗帜,qízhì,ensign; flag
乞丐,qǐgài,beggar
岂有此理,qǐyǒucǐlǐ,how can this be so? (idiom); preposterous; ridiculous; absurd
启程,qǐchéng,to set out on a journey
启示,qǐshì,to reveal; to enlighten; enlightenment; revelation
启事,qǐshì,announcement; notice
起草,qǐcǎo,to make a draft; to draw up (plans)
起初,qǐchū,originally; at first; at the outset
起伏,qǐfú,to move up and down; to undulate; ups and downs
起哄,qǐhòng,to heckle; rowdy jeering; to create a disturbance
起码,qǐmǎ,at the minimum; at the very least
起义,qǐyì,uprising; insurrection; revolt
起源,qǐyuán,origin; to originate; to come from
气概,qìgài,lofty quality; mettle; spirit
气功,qìgōng,qigong (traditional Chinese breathing exercise system)
气魄,qìpò,spirit; boldness; positive outlook; imposing attitude
气色,qìsè,complexion
气势,qìshì,imposing manner; loftiness; grandeur; energetic looks
气味,qìwèi,odor; scent
气象,qìxiàng,meteorological feature; meteorology; atmosphere; ambience
气压,qìyā,atmospheric pressure; barometric pressure
迄今为止,qìjīnwéizhǐ,so far; up to now; still (not)
器材,qìcái,equipment; material
器官,qìguān,(physiology) organ; apparatus
掐,qiā,to pick (flowers); to pinch; to nip; to pinch off
恰当,qiàdàng,appropriate; suitable
恰到好处,qiàdàohǎochù,it's just perfect; it's just right
恰巧,qiàqiǎo,by chance; as chance would have it
洽谈,qiàtán,to discuss
千方百计,qiānfāngbǎijì,lit. thousand ways; a hundred plans (idiom); by every possible means
迁就,qiānjiù,to yield; to adapt to; to accommodate to (sth)
迁徙,qiānxǐ,to migrate; to move
牵扯,qiānchě,to involve; to implicate; to be interrelated
牵制,qiānzhì,to control; to curb; to restrict; to impede
谦逊,qiānxùn,humble; modest; unpretentious; modesty
签订,qiāndìng,to agree to and sign (a treaty etc)
签署,qiānshǔ,to sign (an agreement)
前景,qiánjǐng,foreground; vista; (future) prospects; perspective
前提,qiántí,premise; precondition; prerequisite
潜力,qiánlì,potential; capacity
潜水,qiánshuǐ,to dive; to go under water; (in an online forum) to lurk
潜移默化,qiányímòhuà,imperceptible influence; to influence secretly
谴责,qiǎnzé,to denounce; to condemn; to criticize; condemnation
强迫,qiǎngpò,to compel; to force
强制,qiángzhì,to force; to compel; to coerce; forced
抢劫,qiǎngjié,to rob; looting
抢救,qiǎngjiù,to rescue
桥梁,qiáoliáng,bridge (lit. and fig.)
翘,qiào,to stick up; to turn up; to warp
切实,qièshí,feasible; realistic; practical; earnestly
锲而不舍,qièérbùshě,to persevere; to keep chipping away; unflagging perseverance
亲热,qīnrè,affectionate; intimate; warmhearted; to show affection for
亲身,qīnshēn,personal; oneself
侵犯,qīnfàn,to infringe on; to encroach on; to violate; to assault
钦佩,qīnpèi,to admire; to look up to; to respect sb greatly
勤俭,qínjiǎn,hardworking and frugal
勤恳,qínkěn,diligent and attentive; assiduous; sincere
氢,qīng,hydrogen (chemistry)
轻而易举,qīngéryìjǔ,easy; with no difficulty
倾听,qīngtīng,to listen attentively
倾向,qīngxiàng,trend; tendency; orientation
倾斜,qīngxié,to incline; to lean; to slant; to slope
清澈,qīngchè,clear; limpid
清晨,qīngchén,early morning
清除,qīngchú,to clear away; to eliminate; to get rid of
清洁,qīngjié,clean; to clean
清理,qīnglǐ,to clear up; to tidy up; to dispose of
清晰,qīngxī,clear; distinct
清醒,qīngxǐng,clear-headed; sober; awake
清真,qīngzhēn,Islamic; Muslim; halal (of food); clean
情报,qíngbào,information; intelligence
情节,qíngjié,circumstances; plot; storyline
情理,qínglǐ,reason; sense
情形,qíngxing,circumstances; situation
晴朗,qínglǎng,sunny and cloudless
请柬,qǐngjiǎn,invitation card; written invitation
请教,qǐngjiào,to ask for guidance; to consult
请示,qǐngshì,to ask for instructions
请帖,qǐngtiě,invitation card; written invitation
丘陵,qiūlíng,hills
区分,qūfēn,to differentiate; to draw a distinction; to divide into categories
区域,qūyù,area; region; district
曲折,qūzhé,winding; (fig.) complicated
曲子,qǔzi,poem for singing; tune; music
驱逐,qūzhú,to expel; to deport; banishment
屈服,qūfú,to surrender; to succumb; to yield; (as a transitive verb) to defeat
渠道,qúdào,irrigation ditch; (fig.) channel; means
取缔,qǔdì,to suppress; to crack down on; to prohibit
趣味,qùwèi,fun; interest; delight; taste
圈套,quāntào,trap; snare; trick
全局,quánjú,overall situation
全力以赴,quánlìyǐfù,to do at all costs; to make an all-out effort
权衡,quánhéng,to consider; to weigh (a matter); to balance (pros and cons)
权威,quánwēi,authority; authoritative; power and prestige
权益,quányì,rights; interests; rights and benefits
拳头,quántou,fist; clenched fist; competitive (product)
犬,quǎn,dog; Kangxi radical 94
缺口,quēkǒu,nick; jag; gap; shortfall
缺席,quēxí,to be absent
缺陷,quēxiàn,defect; flaw
瘸,qué,lame
确保,quèbǎo,to ensure; to guarantee
确立,quèlì,to establish; to institute
确切,quèqiè,definite; exact; precise
确信,quèxìn,to be convinced; to be sure; to firmly believe; to be positive that
群众,qúnzhòng,mass; multitude; the masses
染,rǎn,to dye; to catch (a disease); to acquire (bad habits etc); to contaminate
让步,ràngbù,to concede; to give in; to yield; a concession
饶恕,ráoshù,to forgive; to pardon; to spare
扰乱,rǎoluàn,to disturb; to perturb; to harass
惹祸,rěhuò,to stir up trouble; to invite disaster
热泪盈眶,rèlèiyíngkuàng,eyes brimming with tears of excitement (idiom); extremely moved
热门,rèmén,popular; hot; in vogue
人道,réndào,humane; humanitarianism; human sympathy
人格,réngé,personality; integrity; dignity
人工,réngōng,artificial; manpower; manual work
人家,rénjiā,household; dwelling; family; sb else's house
人间,rénjiān,the human world; the earth
人士,rénshì,person; figure; public figure
人为,rénwéi,artificial; man-made; having human cause or origin; human attempt or effort
人性,rénxìng,human nature; humanity; human; the totality of human attributes
人质,rénzhì,hostage
仁慈,réncí,benevolent; charitable; kind; kindly
忍耐,rěnnài,to endure; to bear with; to exercise patience; to restrain oneself
忍受,rěnshòu,to bear; to endure
认定,rèndìng,to firmly believe; to maintain (that sth is true); to determine
认可,rènkě,to approve; approval; acknowledgment; OK
任命,rènmìng,to appoint; (job) appointment
任性,rènxìng,willful; headstrong; unruly
任意,rènyì,any; arbitrary; at will; at random
任重道远,rènzhòngdàoyuǎn,the burden is heavy and the road is long; heavy responsibilities ahead
仍旧,réngjiù,still (remaining); to remain (the same); yet
日新月异,rìxīnyuèyì,daily renewal; monthly change (idiom); every day sees new developments; rapid progress
日益,rìyì,day by day; more and more; increasingly; more and more with each passing day
容貌,róngmào,one's appearance; one's aspect; looks; features
容纳,róngnà,to hold; to contain; to accommodate; to tolerate (different opinions)
容器,róngqì,receptacle; vessel; (computing) container
容忍,róngrěn,to put up with; to tolerate
溶解,róngjiě,to dissolve
融洽,róngqià,harmonious; friendly relations; on good terms with one another
柔和,róuhé,gentle; soft
揉,róu,to knead; to massage; to rub
若干,ruògān,a certain number or amount; how many?; how much?
弱点,ruòdiǎn,weak point; failing
撒谎,sāhuǎng,to tell lies
腮,sāi,cheek
三角,sānjiǎo,triangle
散布,sànbù,to disseminate
散发,sànfā,to distribute; to emit; to issue
散文,sǎnwén,prose; essay
丧失,sàngshī,to lose; to forfeit
嫂子,sǎozi,(coll.) older brother's wife; sister-in-law
色彩,sècǎi,tint; coloring; coloration; (fig.) flavor
刹车,shāchē,to brake (when driving); to stop; to switch off; to check (bad habits)
刹那,chànà,an instant (Sanskrit: ksana); split second; the twinkling of an eye
啥,shá,dialectal equivalent of 什么
筛选,shāixuǎn,to filter
山脉,shānmài,mountain range
闪烁,shǎnshuò,flickering; twinkling; evasive; vague (of speech)
擅长,shàncháng,to be good at; to be expert in
擅自,shànzì,without permission
伤脑筋,shāngnǎojīn,to be a real headache; to find sth a real headache; to beat one's brains
商标,shāngbiāo,trademark; logo
上级,shàngjí,higher authorities; superiors
上进心,shàngjìnxīn,motivation; ambition
上任,shàngrèn,to take office; previous (incumbent); predecessor
上瘾,shàngyǐn,to get into a habit; to become addicted
上游,shàngyóu,upper reaches (of a river); upper level; upper echelon; upstream
捎,shāo,to bring sth to sb; to deliver
梢,shāo,tip of branch
哨,shào,a whistle; sentry
奢侈,shēchǐ,luxurious; extravagant
设立,shèlì,to set up; to establish
设想,shèxiǎng,to imagine; to assume; to envisage; tentative plan
设置,shèzhì,to set up; to install
社区,shèqū,community; neighborhood
涉及,shèjí,to involve; to touch upon (a topic)
摄取,shèqǔ,to absorb (nutrients etc); to assimilate; intake; to take a photograph of (a scene)
摄氏度,Shèshìdù,°C (degrees Celsius)
申报,shēnbào,to report (to the authorities); to declare (to customs)
呻吟,shēnyín,to moan; to groan
绅士,shēnshì,gentleman
深奥,shēnào,profound; abstruse; recondite; profoundly
深沉,shēnchén,deep; profound; (of a person) reserved; undemonstrative
深情厚谊,shēnqínghòuyì,deep friendship
神奇,shénqí,magical; mystical; miraculous
神气,shénqì,expression; manner; vigorous; impressive
神情,shénqíng,look; expression
神色,shénsè,expression; look
神圣,shénshèng,divine; hallow; holy; sacred
神态,shéntài,appearance; manner; bearing; deportment
神仙,shénxiān,immortal; supernatural being; deity
审查,shěnchá,to examine; to investigate; to censor out; censorship
审理,shěnlǐ,to hear (a case)
审美,shěnměi,esthetics; appreciating the arts; taste
审判,shěnpàn,a trial; to try sb
渗透,shèntòu,to permeate; to seep into; to infiltrate
慎重,shènzhòng,cautious; careful; prudent
生存,shēngcún,to exist; to survive
生机,shēngjī,opportunity to live; to reprieve from death; life force; vitality
生理,shēnglǐ,physiology
生疏,shēngshū,unfamiliar; strange; out of practice; not accustomed
生态,shēngtài,ecology
生物,shēngwù,organism; living creature; life form; biological
生效,shēngxiào,to take effect; to go into effect
生锈,shēngxiù,to rust; to grow rusty; to corrode; oxidization
生育,shēngyù,to bear; to give birth; to grow; to rear
声明,shēngmíng,to state; to declare; statement; declaration
声势,shēngshì,fame and power; prestige; influence; impetus
声誉,shēngyù,reputation; fame
牲畜,shēngchù,domesticated animals; livestock
省会,shěnghuì,provincial capital
胜负,shèngfù,victory or defeat; the outcome of a battle
盛,shèng,flourishing; abundant; grand; (chéng) to hold; to serve food
盛产,shèngchǎn,to produce in abundance; to be rich in
盛开,shèngkāi,blooming; in full flower
盛情,shèngqíng,great kindness; magnificent hospitality
盛行,shèngxíng,to be in vogue; to be popular; to be prevalent
尸体,shītǐ,dead body; corpse; carcass
失误,shīwù,lapse; mistake; to make a mistake; fault
失踪,shīzōng,to be missing; to disappear; unaccounted for
师范,shīfàn,teacher-training; pedagogical; normal (school e.g. Beijing Normal University)
施加,shījiā,to exert (effort or pressure)
施展,shīzhǎn,to use fully; to put to use
十足,shízú,ample; complete; hundred percent; a pure shade (of some color)
石油,shíyóu,oil; petroleum
时差,shíchā,time difference; time lag; jet lag
时常,shícháng,often; frequently
时而,shíér,occasionally; from time to time
时光,shíguāng,time; era; period of time
时机,shíjī,opportunity; opportune moment
时事,shíshì,current trends; the present situation; how things are going
时装,shízhuāng,fashion; fashionable clothes
实惠,shíhuì,tangible benefit; material advantages; cheap; economical
实力,shílì,strength
实施,shíshī,to implement; to carry out
实事求是,shíshìqiúshì,lit. to seek truth from facts (idiom); fig. to be practical and realistic
实质,shízhì,substance; essence
使命,shǐmìng,mission; long-term task to which one devotes oneself; a calling
世代,shìdài,for many generations; generation; era; age
世界观,shìjièguān,worldview; world outlook; Weltanschauung
示范,shìfàn,to demonstrate; to show how to do sth; demonstration; a model example
示威,shìwēi,to demonstrate (as a protest); a demonstration; a military show of force
示意,shìyì,to hint; to indicate (an idea to sb)
事故,shìgù,accident
事迹,shìjì,deed; past achievement; important event of the past
事件,shìjiàn,event; happening; incident
事态,shìtài,situation; existing state of affairs
事务,shìwù,(political economic etc) affairs; work; transaction (as in a computer database)
事项,shìxiàng,matter; item
事业,shìyè,undertaking; project; activity; (charitable political or revolutionary) cause
势必,shìbì,to be bound to; undoubtedly will
势力,shìli,power; influence; a force (military political etc)
视力,shìlì,vision; eyesight
视线,shìxiàn,line of sight
视野,shìyě,field of view; (fig.) outlook; perspective
试图,shìtú,to attempt; to try
试验,shìyàn,experiment; test; to experiment; experimental
是非,shìfēi,right and wrong; quarrel
适宜,shìyí,suitable; appropriate
逝世,shìshì,to pass away; to die
释放,shìfàng,to release; to set free; to liberate (a prisoner); to discharge
识别,shíbié,to distinguish; to discern; to identify; to recognize
拾,shí,to pick up; ten (banker's numeral)
收藏,shōucáng,to collect; to store up; to bookmark
收缩,shōusuō,to pull back; to shrink; to contract; (physiology) systole
收益,shōuyì,earnings; profit
收音机,shōuyīnjī,radio
手法,shǒufǎ,technique; trick; skill
手势,shǒushì,gesture; sign; signal
手艺,shǒuyì,craftmanship; workmanship; handicraft; trade
守护,shǒuhù,to guard; to protect
首要,shǒuyào,the most important; of chief importance
受罪,shòuzuì,to endure; to suffer; hardships; torments
授予,shòuyǔ,to award; to confer
书法,shūfǎ,calligraphy; handwriting; penmanship
书籍,shūjí,books; works
书记,shūji,secretary (chief official of a branch of a socialist or communist party); clerk; scribe
书面,shūmiàn,in writing; written
疏忽,shūhu,to neglect; to overlook; negligence; carelessness
舒畅,shūchàng,happy; entirely free from worry
束,shù,to bind; bunch; bundle; classifier for bunches; bundles; beams of light etc
束缚,shùfù,to bind; to restrict; to tie; to commit
树立,shùlì,to set up; to establish
竖,shù,to erect; vertical; vertical stroke (in Chinese characters)
数,shù,number; figure; several (shǔ = to count)
数额,shùé,amount; sum of money; fixed number
数目,shùmù,amount; number
耍,shuǎ,to play with; to wield; to act (cool etc); to display (a skill one's temper etc)
衰老,shuāilǎo,to age; to deteriorate with age; old and weak
衰退,shuāituì,to decline; to fall; to drop; to falter
涮,shuàn,to rinse; to cook by dipping in boiling water; to trick sb
双胞胎,shuāngbāotāi,twin
爽快,shuǎngkuai,refreshed; rejuvenated; frank and straightforward
水利,shuǐlì,water conservancy; irrigation works
水龙头,shuǐlóngtóu,faucet; tap
水泥,shuǐní,cement
司法,sīfǎ,judicial; (administration of) justice
司令,sīlìng,commanding officer
私自,sīzì,private; personal; secretly; without explicit approval
思念,sīniàn,to think of; to long for; to miss
思索,sīsuǒ,to think deeply; to ponder
思维,sīwéi,(line of) thought; thinking
思绪,sīxù,train of thought; emotional state; mood; feeling
斯文,sīwén,refined; educate; cultured; intellectual
死亡,sǐwáng,to die; death
四肢,sìzhī,the four limbs of the body
饲养,sìyǎng,to raise; to rear
肆无忌惮,sìwújìdàn,absolutely unrestrained; unbridled; without the slightest scruple
耸,sǒng,to excite; to raise up; to shrug; high
搜索,sōusuǒ,to search (a place); to search (a database); to search for (sth)
艘,sōu,classifier for ships
苏醒,sūxǐng,to come to; to awaken; to regain consciousness
俗话,súhuà,common saying; proverb
素食,sùshí,vegetarian food; to eat a vegetarian diet
素质,sùzhì,inner quality; basic essence
塑造,sùzào,to mold; to model; to shape (a character or image)
诉讼,sùsòng,lawsuit
算了,suànle,let it be; let it pass; forget about it
算数,suànshù,to count; to keep one's word; to hold valid
随即,suíjí,immediately; presently; following which
随身,suíshēn,to (carry) on one's person; to (take) with one
随手,suíshǒu,conveniently; without extra trouble; while doing it; in passing
随意,suíyì,as one wishes; according to one's wishes; at will; voluntary
岁月,suìyuè,years; time
隧道,suìdào,tunnel
损坏,sǔnhuài,to damage; to injure
索赔,suǒpéi,to ask for compensation; to claim damages; claim for damages
索性,suǒxìng,you might as well (do it); simply; just
塌,tā,to collapse; to droop; to settle down
踏实,tāshi,firmly-based; steady; steadfast; to have peace of mind
台风,táifēng,stage presence; poise; typhoon
太空,tàikōng,outer space
泰斗,tàidǒu,(abbr. for 斗) distinguished figure; doyen; revered authority
贪婪,tānlán,avaricious; greedy; rapacious; insatiable
贪污,tānwū,to be corrupt; corruption; to embezzle
摊儿,tānr,vendor's stand
瘫痪,tānhuàn,paralysis; be paralyzed (body transportation etc)
坦白,tǎnbái,honest; forthcoming; to confess
叹气,tànqì,to sigh; to heave a sigh
探测,tàncè,to probe; to survey
探索,tànsuǒ,to explore; to probe
探讨,tàntǎo,to investigate; to probe
探望,tànwàng,to visit; to call on sb; to look around
糖葫芦,tánghúlu,sugar-coated Chinese hawthorn or other fruit on a bamboo skewer; tanghulu
倘若,tǎngruò,if; supposing; in case
掏,tāo,to fish out (from pocket); to scoop
滔滔不绝,tāotāobùjué,unceasing torrent (idiom); talking non-stop; gabbling forty to the dozen
陶瓷,táocí,pottery and porcelain; ceramics
淘气,táoqì,naughty; mischievous
淘汰,táotài,to wash out; (fig.) to cull; to weed out; to eliminate
讨价还价,tǎojiàhuánjià,to haggle over price; to bargain
特定,tèdìng,special; specific; designated; particular
特色,tèsè,characteristic; distinguishing feature or quality
特长,tècháng,personal strength; one's special ability or strong points
提拔,tíbá,to promote to a higher job; to select for promotion
提炼,tíliàn,to extract (ore minerals etc); to refine; to purify; to process
提示,tíshì,to point out; to remind (sb of sth); to suggest; suggestion
提议,tíyì,proposal; suggestion; to propose; to suggest
题材,tícái,subject matter
体谅,tǐliàng,to empathize; to allow (for sth); to show understanding; to appreciate
体面,tǐmiàn,dignity; prestige; face; honorable
体系,tǐxì,system; setup
天才,tiāncái,talent; gift; genius; talented
天伦之乐,tiānlúnzhīlè,family love and joy; domestic bliss
天然气,tiānránqì,natural gas
天生,tiānshēng,nature; disposition; innate; natural
天堂,tiāntáng,paradise; heaven
天文,tiānwén,astronomy
田径,tiánjìng,track and field (athletics)
舔,tiǎn,to lick; to lap
挑拨,tiǎobō,to incite disharmony; to instigate
挑剔,tiāoti,picky; fussy
挑衅,tiǎoxìn,to provoke; provocation
条款,tiáokuǎn,clause (of contract or law)
条理,tiáolǐ,arrangement; order; tidiness
条约,tiáoyuē,treaty; pact
跳跃,tiàoyuè,to jump; to leap; to bound; to skip
亭子,tíngzi,pavilion
停顿,tíngdùn,to halt; to break off; pause (in speech)
停泊,tíngbó,to anchor; anchorage; mooring (of a ship)
停滞,tíngzhì,stagnation; at a standstill; bogged down
挺拔,tǐngbá,tall and straight
通货,tōnghuò,currency; (old) exchange of goods
通俗,tōngsú,common; everyday; average
通用,tōngyòng,in common use; universal; interchangeable
同胞,tóngbāo,born of the same parents; sibling; fellow citizen; compatriot
同志,tóngzhì,comrade; (slang) homosexual
铜矿,tóngkuàng,copper mine; copper ore
童话,tónghuà,children's fairy tales
统筹兼顾,tǒngchóujiāngù,an overall plan taking into account all factors
统计,tǒngjì,statistics; to count; to add up
统统,tǒngtǒng,totally
投机,tóujī,to speculate (on financial markets); opportunistic; congenial; agreeable
投降,tóuxiáng,to surrender; surrender
投票,tóupiào,to vote; vote
投掷,tóuzhì,to throw sth a long distance; to hurl; to throw at; to throw (dice etc)
秃,tū,bald; blunt
突破,tūpò,to break through; breakthrough; to surmount
图案,túàn,design; pattern
徒弟,túdì,apprentice; disciple
途径,tújìng,way; means; channel
土壤,tǔrǎng,soil
涂抹,túmǒ,to paint; to smear; to apply (makeup etc); to doodle
团结,tuánjié,to unite; unity; solidarity; united
团体,tuántǐ,group; organization; team
团圆,tuányuán,to have a reunion
推测,tuīcè,speculation; to conjecture; to surmise; to speculate
推翻,tuīfān,to overthrow
推理,tuīlǐ,reasoning; inference; to infer; to deduce
推论,tuīlùn,to infer; inference; corollary; reasoned conclusion
推销,tuīxiāo,to market; to sell
吞咽,tūnyàn,to swallow; to gulp
托运,tuōyùn,to consign (goods); to check through (baggage)
拖延,tuōyán,to delay; to put off; to procrastinate
脱离,tuōlí,to separate oneself from; to break away from; diastasis (medicine); abscission
妥当,tuǒdang,appropriate; proper; ready
妥善,tuǒshàn,appropriate; proper
妥协,tuǒxié,to compromise; to reach terms; a compromise
椭圆,tuǒyuán,oval; ellipse; elliptic
唾沫,tuòmo,spittle; saliva
挖掘,wājué,to excavate; to dig; to unearth
娃娃,wáwa,baby; small child; doll
瓦解,wǎjiě,to collapse; to disintegrate; to crumble; to disrupt
哇,wā,wow!; sound of a child's crying
歪曲,wāiqū,to distort; to misrepresent
外表,wàibiǎo,external; outside; outward appearance
外界,wàijiè,the outside world; external
外向,wàixiàng,extroverted (personality); (economics etc) export-oriented
外行,wàiháng,layman; amateur
丸,wán,ball; pellet; pill
完备,wánbèi,faultless; complete; perfect; to leave nothing to be desired
完毕,wánbì,to finish; to end; to complete
玩弄,wánnòng,to play with; to toy with; to dally with; to engage in
玩意儿,wányìr,toy; thing; trick
顽固,wángù,stubborn; obstinate
顽强,wánqiáng,tenacious; hard to defeat
挽回,wǎnhuí,to retrieve; to redeem
挽救,wǎnjiù,to save; to remedy; to rescue
惋惜,wǎnxī,to regret; to feel that it is a great pity; to feel sorry for sb
万分,wànfēn,very much; extremely; one ten thousandth part
网络,wǎngluò,Internet; network
往常,wǎngcháng,usual; customary
往事,wǎngshì,past events; former happenings
妄想,wàngxiǎng,to attempt vainly; a vain attempt; delusion
危机,wēijī,crisis
威风,wēifēng,might; awe-inspiring authority; impressive
威力,wēilì,might; formidable power
威望,wēiwàng,prestige
威信,wēixìn,prestige; reputation; trust
微不足道,wēibùzúdào,negligible; insignificant
微观,wēiguān,micro-; subatomic
违背,wéibèi,to go against; to be contrary to; to violate
唯独,wéidú,only; just (i.e. it is only that...); all except; unique
维持,wéichí,to keep; to maintain; to preserve
维生素,wéishēngsù,vitamin
维修,wéixiū,maintenance (of equipment); to protect and maintain
伪造,wěizào,to forge; to fake; to counterfeit
委员,wěiyuán,committee member
卫星,wèixīng,satellite; moon
为难,wéinán,to feel awkward; to make things difficult for sb; to be in a difficult position
为期,wéiqī,(to be done) by (a certain date); lasting (a certain time)
为首,wéishǒu,head; be headed by
未免,wèimiǎn,unavoidably; can't help; really; rather
位于,wèiyú,to be located at; to be situated at; to lie
畏惧,wèijù,to fear; to dread; foreboding
胃口,wèikǒu,appetite; liking
慰问,wèiwèn,to express sympathy; greetings; consolation etc
温带,wēndài,temperate zone
温和,wēnhé,mild; gentle; moderate; lukewarm
文凭,wénpíng,diploma
文物,wénwù,cultural relic; historical relic
文献,wénxiàn,document
文雅,wényǎ,elegant; refined
文艺,wényì,literature and art
问世,wènshì,to be published; to come out
窝,wō,nest; pit or hollow on the human body; lair; den
乌黑,wūhēi,jet-black; dark
污蔑,wūmiè,to slander; to smear; to tarnish
诬陷,wūxiàn,to entrap; to frame; to plant false evidence against sb
无比,wúbǐ,incomparable; matchless
无偿,wúcháng,free; no charge; at no cost
无耻,wúchǐ,without any sense of shame; unembarrassed; shameless
无从,wúcóng,not to have access; beyond one's authority or capability; sth one has no way of doing
无动于衷,wúdòngyúzhōng,aloof; indifferent; unconcerned
无非,wúfēi,only; nothing else
无精打采,wújīngdǎcǎi,dispirited and downcast (idiom); listless; in low spirits; washed out
无可奉告,wúkěfènggào,(idiom) 'no comment'
无可奈何,wúkěnàihé,have no way out; have no alternative; abbr. to 无奈
无赖,wúlài,hoodlum; rascal; rogue; rascally
无理取闹,wúlǐqǔnào,to make trouble without reason (idiom); to be deliberately provocative
无能为力,wúnéngwéilì,impotent (idiom); powerless; helpless
无穷无尽,wúqióngwújìn,endless; boundless; infinite
无微不至,wúwēibùzhì,in every possible way (idiom); meticulous
无忧无虑,wúyōuwúlǜ,carefree and without worries (idiom)
无知,wúzhī,ignorant; ignorance
武侠,wǔxiá,martial arts chivalry (Chinese literary theatrical and cinema genre); knight-errant
武装,wǔzhuāng,arms; equipment; to arm; military
侮辱,wǔrǔ,to insult; to humiliate; dishonor
舞蹈,wǔdǎo,dance (performance art); dancing
勿,wù,do not
物美价廉,wùměijiàlián,good quality and cheap; a bargain
物资,wùzī,goods; supplies
误差,wùchā,difference; error; inaccuracy
误解,wùjiě,to misunderstand; misunderstanding
务必,wùbì,must; to need to; to be sure to
务实,wùshí,pragmatic; dealing with concrete issues
夕阳,xīyáng,sunset; the setting sun
吸取,xīqǔ,to absorb; to draw (a lesson insight etc); to assimilate
昔日,xīrì,former days; in the past
牺牲,xīshēng,to sacrifice one's life; to sacrifice (sth valued); beast slaughtered as a sacrifice
溪,xī,creek; rivulet
熄灭,xīmiè,to stop burning; to go out (of fire); to die out; extinguished
膝盖,xīgài,knee; (Internet slang) to kneel down (in admiration)
习俗,xísú,custom; tradition; local tradition; convention
袭击,xíjī,attack (esp. surprise attack); raid; to attack
媳妇,xífù,daughter-in-law; wife (of a younger man); young married woman; young woman
喜闻乐见,xǐwénlèjiàn,to love to hear and see (idiom); well received; to one's liking
喜悦,xǐyuè,happy; joyous
系列,xìliè,series; set
细胞,xìbāo,cell (biology)
细菌,xìjūn,bacterium; germ
细致,xìzhì,delicate; fine; careful; meticulous
峡谷,xiágǔ,canyon; gill; ravine
狭隘,xiáài,narrow; tight; narrow minded; lacking in experience
狭窄,xiázhǎi,narrow
霞,xiá,rose-tinted sky or clouds at sunrise or sunset
下属,xiàshǔ,subordinate; underling
夏令营,xiàlìngyíng,summer camp
先进,xiānjìn,advanced (technology); to advance
先前,xiānqián,before; previously
纤维,xiānwéi,fiber
掀起,xiānqǐ,to lift; to raise (a lid etc); (of a storm) to surge; to stir up (waves etc)
鲜明,xiānmíng,bright; clear-cut; distinct
闲话,xiánhuà,casual conversation; chat; gossip; to talk about (whatever comes to mind)
弦,xián,bow string; string of musical instrument; watchspring; chord (segment of curve)
贤惠,xiánhuì,virtuous and capable (of a woman)
衔接,xiánjiē,to link up; to connect; to join
嫌,xián,to dislike; suspicion; resentment; enmity
嫌疑,xiányí,suspicion; to have suspicions
显著,xiǎnzhù,outstanding; notable; remarkable; statistically significant
现场,xiànchǎng,the scene (of a crime accident etc); (on) the spot; (at) the site
现成,xiànchéng,ready-made; readily available
现状,xiànzhuàng,current situation
线索,xiànsuǒ,trail; clues; thread (of a story)
宪法,xiànfǎ,constitution (of a country)
陷害,xiànhài,to entrap; to set up; to frame (up); to make false charges against
陷入,xiànrù,to sink into; to get caught up in; to land in (a predicament)
馅儿,xiànr,(of food) filling; stuffing
乡镇,xiāngzhèn,village; township
相差,xiāngchà,to differ; discrepancy between
相等,xiāngděng,equal; equally; equivalent
相辅相成,xiāngfǔxiāngchéng,to complement one another (idiom)
相应,xiāngyìng,to correspond; answering (one another); to agree (among the part); corresponding
镶嵌,xiāngqiàn,to inlay; to embed; to set (e.g. a jewel in a ring); tiling
响亮,xiǎngliàng,loud and clear; resounding
响应,xiǎngyìng,to respond to; answer
想方设法,xiǎngfāngshèfǎ,to try every possible method; by hook or by crook
向导,xiàngdǎo,guide
向来,xiànglái,always (previously)
向往,xiàngwǎng,to yearn for; to look forward to
巷,xiàng,lane; alley
消除,xiāochú,to eliminate; to remove
消毒,xiāodú,to disinfect; to sterilize
消防,xiāofáng,firefighting; fire control
消耗,xiāohào,to use up; to consume
消极,xiāojí,negative; passive; inactive
销毁,xiāohuǐ,to destroy (by melting or burning); to obliterate
小心翼翼,xiǎoxīnyìyì,cautious and solemn (idiom); very carefully; prudent; gently and cautiously
肖像,xiàoxiàng,portrait (painting photo etc); (in a general sense) representation of a person; likeness
效益,xiàoyì,benefit; effectiveness; efficiency
协会,xiéhuì,an association; a society
协商,xiéshāng,to consult with; to talk things over; agreement
协议,xiéyì,agreement; pact; protocol
协助,xiézhù,to provide assistance; to aid
携带,xiédài,to carry (on one's person); to support (old)
写作,xiězuò,to write; to compose; writing; written works
泄露,xièlù,to leak (information); to divulge
泄气,xièqì,to leak (gas); to be discouraged; to despair; (disparaging) pathetic
屑,xiè,bits; fragments; crumbs; filings
谢绝,xièjué,to refuse politely
心得,xīndé,what one has learned (through experience reading etc); knowledge; insight; understanding
心灵,xīnlíng,bright; smart; quick-witted; heart
心态,xīntài,attitude (of the heart); state of one's psyche; way of thinking; mentality
心疼,xīnténg,to love dearly; to feel sorry for sb; to regret; to grudge
心血,xīnxuè,heart's blood; expenditure (for some project); meticulous care
心眼儿,xīnyǎnr,one's thoughts; mind; intention; willingness to accept new ideas
辛勤,xīnqín,hardworking; industrious
欣慰,xīnwèi,to be gratified
欣欣向荣,xīnxīnxiàngróng,(idiom) flourishing; thriving
新陈代谢,xīnchéndàixiè,metabolism (biology); the new replaces the old (idiom)
新郎,xīnláng,bridegroom; groom
新娘,xīnniáng,bride
新颖,xīnyǐng,lit. new bud; fig. new and original
薪水,xīnshuǐ,salary; wage
信赖,xìnlài,to trust; to have confidence in; to have faith in; to rely on
信念,xìnniàn,faith; belief; conviction
信仰,xìnyǎng,to believe in (a religion); firm belief; conviction
信誉,xìnyù,prestige; distinction; reputation; trust
腥,xīng,fishy (smell)
刑事,xíngshì,criminal; penal
行列,hángliè,formation; array; (fig.) ranks (as in 'join the ranks of ...')
行政,xíngzhèng,administration; (attributive) administrative; executive
形态,xíngtài,shape; form; pattern; morphology
兴高采烈,xìnggāocǎiliè,happy and excited (idiom); in high spirits; in great delight
兴隆,xīnglóng,prosperous; thriving
兴旺,xīngwàng,prosperous; thriving; to prosper; to flourish
兴致勃勃,xìngzhìbóbó,to become exhilarated (idiom); in high spirits; full of zest
幸好,xìnghǎo,fortunately
性感,xìnggǎn,sex appeal; eroticism; sexuality; sexy
性命,xìngmìng,life
性能,xìngnéng,function; performance; behavior
性情,xìngqíng,nature; temperament
凶恶,xiōngè,fierce; ferocious; fiendish; frightening
凶手,xiōngshǒu,murderer; assassin
胸怀,xiōnghuái,one's bosom (the seat of emotions); breast; broad-minded and open; to think about
胸膛,xiōngtáng,chest
雄厚,xiónghòu,substantial; robust; ample; abundant
休养,xiūyǎng,to recuperate; to recover; to convalesce
修复,xiūfù,to restore; to renovate; (computing) to repair (a corrupted file etc)
修建,xiūjiàn,to build; to construct
修理,xiūlǐ,to repair; to fix; to prune; to trim
羞耻,xiūchǐ,(a feeling of) shame
绣,xiù,to embroider; embroidery
嗅觉,xiùjué,sense of smell
须知,xūzhī,key information; instructions; it must be borne in mind
虚假,xūjiǎ,false; phony; pretense
虚荣,xūróng,vanity
虚伪,xūwěi,false; hypocritical; artificial; sham
需求,xūqiú,requirement; to require; (economics) demand
许可,xǔkě,to allow; to permit
序言,xùyán,preface; introductory remarks; preamble; prelude
酗酒,xùjiǔ,heavy drinking; to get drunk; to drink to excess
宣誓,xuānshì,to swear an oath (of office); to make a vow
宣扬,xuānyáng,to publicize; to advertise; to spread far and wide
悬挂,xuánguà,to suspend; to hang; (vehicle) suspension
悬念,xuánniàn,suspense in a movie; play etc; concern for sb's welfare
悬崖峭壁,xuányáqiàobì,sheer cliffs and precipitous rock faces (idiom)
旋律,xuánlǜ,melody
旋转,xuánzhuǎn,to rotate; to revolve; to spin; to whirl
选拔,xuǎnbá,to select the best
选手,xuǎnshǒu,athlete; contestant
削弱,xuēruò,to weaken; to impair; to cripple
学历,xuélì,educational background; academic qualifications
学说,xuéshuō,theory; doctrine
学位,xuéwèi,academic degree; place in school
雪上加霜,xuěshàngjiāshuāng,(idiom) to make matters even worse; to add insult to injury
血压,xuèyā,blood pressure
熏陶,xūntáo,to seep in; to influence; to nurture; influence
寻觅,xúnmì,to look for
巡逻,xúnluó,to patrol (police army or navy)
循环,xúnhuán,to cycle; to circulate; circle; loop
循序渐进,xúnxùjiànjìn,in sequence; step by step (idiom); to make steady progress incrementally
压迫,yāpò,to oppress; to repress; to constrict; oppression
压岁钱,yāsuìqián,money given to children as a gift on Chinese New Year's Eve
压缩,yāsuō,to compress; compression
压抑,yāyì,to constrain or repress emotions; oppressive; stifling; depressing
压榨,yāzhà,to press; to squeeze; to extract juice; oil etc by squeezing
压制,yāzhì,to suppress; to inhibit; to stifle
押金,yājīn,deposit; down payment
亚军,yàjūn,second place (in a sports contest); runner-up
烟花,yānhuā,fireworks; prostitute (esp. in Yuan theater)
淹没,yānmò,to submerge; to drown; to flood; to drown out (also fig.)
延期,yánqī,to delay; to extend; to postpone; to defer
延伸,yánshēn,to extend; to spread
延续,yánxù,to continue; to go on; to last
严寒,yánhán,bitter cold; severe winter
严禁,yánjìn,to strictly prohibit
严峻,yánjùn,grim; severe; rigorous
严厉,yánlì,severe; strict
严密,yánmì,strict; tight (organization surveillance etc)
言论,yánlùn,expression of opinion; views; remarks; arguments
岩石,yánshí,rock
沿海,yánhǎi,coastal
炎热,yánrè,blistering hot; sizzling hot (weather)
掩盖,yǎngài,to conceal; to hide behind; to cover up
掩护,yǎnhù,to screen; to shield; to cover; protection
掩饰,yǎnshì,to cover up; to conceal; to mask; to gloss over
眼光,yǎnguāng,gaze; insight; foresight; vision
眼色,yǎnsè,signal made with one's eyes; meaningful glance
眼神,yǎnshén,expression or emotion showing in one's eyes; meaningful glance; wink; eyesight (dialect)
眼下,yǎnxià,now; at present; subocular (medicine)
演变,yǎnbiàn,to develop; to evolve; development; evolution
演讲,yǎnjiǎng,lecture; to make a speech
演习,yǎnxí,maneuver; exercise; practice; to maneuver
演绎,yǎnyì,(of a story etc) to unfold; to play out; to develop (a technique etc); to enact
演奏,yǎnzòu,to perform on a musical instrument
厌恶,yànwù,to loathe; to hate; disgusted with sth
验收,yànshōu,to inspect and accept; acceptance
验证,yànzhèng,to inspect and verify; experimental verification; to validate (a theory); to authenticate
氧气,yǎngqì,oxygen
样品,yàngpǐn,sample; specimen
谣言,yáoyán,rumor
摇摆,yáobǎi,to sway; to wobble; to waver
摇滚,yáogǔn,rock 'n' roll (music); to rock; to fall off
摇晃,yáohuàng,to rock; to shake; to sway
遥控,yáokòng,to direct operations from a remote location; to remotely control
遥远,yáoyuǎn,distant; remote
咬牙切齿,yǎoyáqièchǐ,(idiom) to gnash one's teeth; to fume with rage
要不然,yàobùrán,otherwise; or else; or
要点,yàodiǎn,main point; essential
要命,yàomìng,to cause sb's death; extremely; terribly; (used in complaining about sth) to be a nuisance
要素,yàosù,essential factor; key constituent
耀眼,yàoyǎn,to dazzle; dazzling
野蛮,yěmán,barbarous; uncivilized
野心,yěxīn,ambition; wild schemes; careerism
一度,yīdù,for a time; at one time; one time; once
一帆风顺,yīfānfēngshùn,plain sailing; to go smoothly; have a nice trip!
一贯,yīguàn,consistent; constant; from start to finish; all along
一举两得,yījǔliǎngdé,one move; two gains (idiom); two birds with one stone
一流,yīliú,top quality; front ranking
一律,yīlǜ,same; uniformly; all; without exception
一目了然,yīmùliǎorán,obvious at a glance (idiom); obvious at a glance (idiom)
一如既往,yīrújìwǎng,just as in the past (idiom); as before; continuing as always
一丝不苟,yīsībùgǒu,meticulous; strictly according to the rules; not one hair out of place
一向,yīxiàng,always (previously); a period of time in the recent past
一再,yīzài,repeatedly
衣裳,yīshang,(coll.) clothes
依次,yīcì,in order; in succession
依旧,yījiù,as before; still
依据,yījù,according to; basis; foundation
依靠,yīkào,to rely on sth (for support etc); to depend on
依赖,yīlài,to depend on; to be dependent on
依托,yītuō,to rely on; to depend on; support
仪器,yíqì,instrument; apparatus
仪式,yíshì,ceremony
遗产,yíchǎn,heritage; legacy; inheritance; bequest
遗传,yíchuán,heredity; to inherit (a trait); to pass on (to one's offspring)
遗留,yíliú,to leave behind; to hand down
遗失,yíshī,to lose; to leave behind (inadvertently)
疑惑,yíhuò,to doubt; to distrust; unconvincing; to puzzle over
以便,yǐbiàn,so that; so as to; in order to
以免,yǐmiǎn,in order to avoid; so as not to
以往,yǐwǎng,in the past; formerly
以至,yǐzhì,down to; up to; to such an extent as to ...
以致,yǐzhì,to such an extent as to; down to; up to
亦,yì,also
异常,yìcháng,unusual; abnormal; extremely; exceptionally
抑制,yìzhì,to inhibit; to keep down; to suppress
意料,yìliào,to anticipate; to expect; expectations
意识,yìshí,consciousness; awareness; to be aware; to realize
意图,yìtú,intent; intention; to intend
意味着,yìwèizhe,to signify; to mean; to imply
意向,yìxiàng,intention; purpose; intent; inclination
意志,yìzhì,will; willpower; determination
毅力,yìlì,perseverance; willpower
毅然,yìrán,firmly; resolutely; without hesitation
翼,yì,wing
阴谋,yīnmóu,to conspire; to plot; a conspiracy; a plot
音响,yīnxiǎng,sound; acoustics; audio; hi-fi system
引导,yǐndǎo,to guide; to lead (around); to conduct; to boot
引擎,yǐnqíng,engine (loanword)
引用,yǐnyòng,to quote; to cite; to recommend; to appoint
饮食,yǐnshí,eating and drinking; food and drink; diet
隐蔽,yǐnbì,to conceal; to hide; covert; under cover
隐患,yǐnhuàn,a danger concealed within sth; hidden damage; misfortune not visible from the surface
隐瞒,yǐnmán,to conceal; to hide (a taboo subject); to cover up the truth
隐私,yǐnsī,secrets; private business; privacy
隐约,yǐnyuē,vague; faint; indistinct
印刷,yìnshuā,to print; printing
应酬,yìngchou,to engage in social activities; to socialize; dinner party; banquet
应邀,yìngyāo,at sb's invitation; on invitation
英明,yīngmíng,wise; brilliant
英勇,yīngyǒng,heroic; gallant; valiant
婴儿,yīngér,infant; baby; lead (Pb)
迎面,yíngmiàn,directly; head-on (collision); in one's face (of wind)
盈利,yínglì,profit; gain; to make profits
荧屏,yíngpíng,fluorescent screen; TV screen
拥护,yōnghù,to endorse; to support
拥有,yōngyǒu,to have; to possess
庸俗,yōngsú,vulgar; tacky; tawdry
永恒,yǒnghéng,eternal; everlasting; fig. to pass into eternity (i.e. to die)
勇于,yǒngyú,to dare to; to be brave enough to
涌现,yǒngxiàn,to emerge in large numbers; to spring up; to emerge prominently
踊跃,yǒngyuè,to leap; to jump; eager; enthusiastically
用功,yònggōng,diligent; industrious (in one's studies); to study hard; to make great effort
用户,yònghù,user; consumer; subscriber; customer
优胜劣汰,yōushèngliètài,survival of the fittest (idiom)
优先,yōuxiān,to have priority; to take precedence
优异,yōuyì,exceptional; outstandingly good
优越,yōuyuè,superior; superiority
忧郁,yōuyù,sullen; depressed; melancholy; dejected
犹如,yóurú,similar to; like
油腻,yóunì,greasy food; oily food; (of food) greasy; oily
油漆,yóuqī,oil paints; lacquer; to paint
有条不紊,yǒutiáobùwěn,regular and thorough (idiom); methodically arranged
幼稚,yòuzhì,young; childish; puerile
诱惑,yòuhuò,to entice; to lure; to induce; to attract
渔民,yúmín,fisherman; fisher folk
愚蠢,yúchǔn,silly; stupid
愚昧,yúmèi,ignorant; uneducated; ignorance
舆论,yúlùn,public opinion
与日俱增,yǔrìjùzēng,to increase steadily; to grow with each passing day
予以,yǔyǐ,to give; to impose; to apply
羽绒服,yǔróngfú,down-filled garment
预料,yùliào,to forecast; to anticipate; expectation
预期,yùqī,to expect; to anticipate
预赛,yùsài,preliminary competition; to hold preliminary heats
预算,yùsuàn,budget
预先,yùxiān,beforehand; in advance
预言,yùyán,to predict; prophecy
预兆,yùzhào,omen; sign (of sth yet to occur); prior indication; to foreshadow
欲望,yùwàng,desire; longing; appetite; craving
寓言,yùyán,fable
愈,yù,the more...(the more...); to recover; to heal; better
冤枉,yuānwang,to accuse wrongly; to treat unjustly; injustice; wronged
元首,yuánshǒu,head of state
元素,yuánsù,element (key component of sth); (chemistry) element; (math.) element (member of a set)
元宵节,Yuánxiāojié,Lantern Festival (15th day of the first lunar month)
园林,yuánlín,gardens; park; landscape garden
原告,yuángào,complainant; plaintiff
原理,yuánlǐ,principle; theory
原始,yuánshǐ,first; original; primitive; original (document etc)
原先,yuánxiān,originally; original; former
圆满,yuánmǎn,satisfactory; consummate; perfect
源泉,yuánquán,fountainhead; well-spring; water source; fig. origin
约束,yuēshù,to restrict; to limit to; to constrain; restriction
岳父,yuèfù,wife's father; father-in-law
孕育,yùnyù,to nurture; to breed; to be pregnant with
运算,yùnsuàn,to perform calculations; (mathematical) operation
运行,yùnxíng,to run; to be in operation; to move along one's course
酝酿,yùnniàng,to brew; to ferment; to mull over
熨,yùn,to iron (clothes)
蕴藏,yùncáng,to hold in store; to contain (untapped reserves etc)
杂技,zájì,acrobatics
杂交,zájiāo,to hybridize; to crossbreed; promiscuity
砸,zá,to smash; to pound; to fail; to muck up
咋,zǎ,dialectal equivalent of 怎么; gnaw; loud noise; shout
灾难,zāinàn,disaster; catastrophe
栽培,zāipéi,to grow; to cultivate; to train; to educate
宰,zǎi,to slaughter; to butcher; to kill (animals etc); (coll.) to fleece
再接再厉,zàijiēzàilì,to continue the struggle (idiom); to persist; unremitting efforts
在乎,zàihu,to care about; equivalent of 在于
在意,zàiyì,to care about; to mind
攒,zǎn,to save up; to accumulate; (cuán) to assemble
暂且,zànqiě,for now; for the time being; temporarily
赞叹,zàntàn,to exclaim in admiration
赞同,zàntóng,to approve of; to endorse; (vote) in favor; to approve of
赞扬,zànyáng,to praise; to approve of; to show approval
赞助,zànzhù,to support; to assist; to sponsor
遭受,zāoshòu,to suffer; to sustain (loss misfortune)
遭殃,zāoyāng,to suffer a calamity
遭遇,zāoyù,to meet with; to encounter; (bitter) experience
糟蹋,zāotà,to waste; to defile; to abuse; to insult
造反,zàofǎn,to rebel; to revolt
造型,zàoxíng,to model; to shape; appearance; style
噪音,zàoyīn,rumble; noise; static (in a signal)
责怪,zéguài,to blame; to rebuke
贼,zéi,thief; traitor; wily; deceitful
增添,zēngtiān,to add; to increase
赠送,zèngsòng,to present as a gift
扎,zhā,to prick; to stick (a needle) into; to plunge into
扎实,zhāshi,strong; solid; sturdy; firm
渣,zhā,slag (in mining or smelting); dregs
眨,zhǎ,to blink; to wink
诈骗,zhàpiàn,to defraud; to swindle; to blackmail
摘要,zhāiyào,summary; abstract
债券,zhàiquàn,bond; debenture
沾光,zhānguāng,to bask in the light; fig. to benefit from association with sb or sth; reflected glory
瞻仰,zhānyǎng,to revere; to admire
斩钉截铁,zhǎndīngjiétiě,resolute and decisive; unhesitating; categorical
展示,zhǎnshì,to reveal; to display; to show; to exhibit
展望,zhǎnwàng,outlook; prospect; to look ahead; to look forward to
展现,zhǎnxiàn,to unfold before one's eyes; to emerge; to reveal; to display
崭新,zhǎnxīn,brand new
占据,zhànjù,to occupy; to hold
占领,zhànlǐng,to capture; to seize; to occupy by force
占有,zhànyǒu,to have; to own; to hold; to occupy
战斗,zhàndòu,to fight; to engage in combat; struggle; battle
战略,zhànlu:è,strategy
战术,zhànshù,tactics
战役,zhànyì,military campaign
章程,zhāngchéng,rules; regulations; constitution; statute
长辈,zhǎngbèi,one's elders; older generation
帐篷,zhàngpeng,tent
障碍,zhàngài,barrier; obstruction; hindrance; impediment
招收,zhāoshōu,to hire; to recruit
招投标,zhāotóubiāo,bid inviting and bid offering; bidding; auction
沼泽,zhǎozé,marsh; swamp; wetlands; glade
照料,zhàoliào,to tend; to take care of sb
照样,zhàoyàng,as before; (same) as usual; in the same manner; still
照耀,zhàoyào,to shine; to illuminate
照应,zhàoyìng,to correlate with; to correspond to; to look after; to take care of
遮挡,zhēdǎng,to shelter; to shelter from
折,zhé,to fold; to break; discount (打折); (shé) to snap
折磨,zhémó,to torment; to torture
折腾,zhēteng,to toss about; to do sth over and over; to torment sb
着迷,zháomí,to be fascinated; to be captivated
着手,zhuóshǒu,to put one's hand to it; to start out on a task; to set out
着想,zhuóxiǎng,to give thought (to others); to consider (other people's needs)
着重,zhuózhòng,to put emphasis on; to stress
著作,zhùzuò,(written) work; book; writings
侦探,zhēntàn,detective; to do detective work
珍贵,zhēnguì,precious
珍稀,zhēnxī,rare; precious and uncommon
珍珠,zhēnzhū,pearl
真相,zhēnxiàng,the truth about sth; the actual facts
真挚,zhēnzhì,sincere; sincerity
斟酌,zhēnzhuó,to consider; to deliberate; to fill up a cup to the brim
阵地,zhèndì,(military) position; front
阵容,zhènróng,troop arrangement; battle formation; lineup (of a sports team etc)
振奋,zhènfèn,to stir oneself up; to raise one's spirits; to inspire
振兴,zhènxīng,to revitalize; to revive; to invigorate
镇定,zhèndìng,calm; unperturbed; cool
镇静,zhènjìng,calm; cool
镇压,zhènyā,suppression; repression; to suppress; to put down
震惊,zhènjīng,to shock; to astonish
争端,zhēngduān,dispute; controversy; conflict
争夺,zhēngduó,to fight over; to contest; to vie over
争气,zhēngqì,to work hard for sth; to resolve on improvement; determined not to fall short
争先恐后,zhēngxiānkǒnghòu,striving to be first and fearing to be last (idiom); outdoing one another
争议,zhēngyì,controversy; dispute; to dispute
征服,zhēngfú,to conquer; to subdue; to vanquish
征收,zhēngshōu,to levy (a tax); to expropriate
挣扎,zhēngzhá,to struggle
蒸发,zhēngfā,to evaporate; evaporation
整顿,zhěngdùn,to tidy up; to reorganize; to consolidate; to rectify
正当,zhèngdāng,timely; just (when needed); honest; reasonable
正负,zhèngfù,positive and negative
正规,zhèngguī,regular; according to standards
正经,zhèngjīng,decent; honorable; proper; serious
正气,zhèngqì,healthy atmosphere; moral spirit; unyielding integrity; probity
正义,zhèngyì,justice; righteousness; just; righteous
正月,Zhēngyuè,first month of the lunar year
证实,zhèngshí,to confirm (sth to be true); to verify
证书,zhèngshū,credentials; certificate
郑重,zhèngzhòng,serious; solemn; earnest; conscientious
政权,zhèngquán,regime; political power
症状,zhèngzhuàng,symptom (of an illness)
支撑,zhīchēng,to prop up; to support; strut; brace
支出,zhīchū,to spend; to pay out; expenses; expenditure
支流,zhīliú,tributary (river)
支配,zhīpèi,to control; to dominate; to allocate
支援,zhīyuán,to provide assistance; to support; to back
支柱,zhīzhù,mainstay; pillar; prop; backbone
枝,zhī,branch; classifier for sticks; rods; pencils etc
知觉,zhījué,perception; consciousness
知足常乐,zhīzúchánglè,satisfied with what one has (idiom)
脂肪,zhīfáng,fat (in the body in a plant or in food)
直播,zhíbō,to broadcast live; live broadcast; to livestream
值班,zhíbān,to work a shift; on duty
职能,zhínéng,function; role
职位,zhíwèi,position; post; job
职务,zhíwù,post; position; job; duties
殖民地,zhímíndì,colony
指标,zhǐbiāo,(production) target; quota; index; indicator
指定,zhǐdìng,to appoint; to assign; to indicate clearly and with certainty; designated
指甲,zhǐjia,fingernail
指令,zhǐlìng,order; command; instruction
指南针,zhǐnánzhēn,compass
指示,zhǐshì,to point out; to indicate; to instruct; directives
指望,zhǐwàng,to count on; to hope for; prospect; hope
指责,zhǐzé,to criticize; to find fault with; to denounce
志气,zhìqì,ambition; resolve; backbone; drive
制裁,zhìcái,to punish; punishment; sanctions (incl. economic)
制订,zhìdìng,to work out; to formulate
制服,zhìfú,uniform; to subdue; to bring under control
制约,zhìyuē,to restrict; condition
制止,zhìzhǐ,to curb; to put a stop to; to stop; to check
治安,zhìān,law and order; public security
治理,zhìlǐ,to govern; to administer; to manage; to control
致辞,zhìcí,to make a speech; to deliver an address
致力于,zhìlìyú,Dedicate
致使,zhìshǐ,to cause; to result in
智力,zhìlì,intelligence; intellect
智能,zhìnéng,intelligent; able; smart (phone system bomb etc)
智商,zhìshāng,IQ (intelligence quotient)
滞留,zhìliú,to be stranded; to be held up; to linger
中断,zhōngduàn,to cut short; to break off; to discontinue; to interrupt
中立,zhōnglì,neutral; neutrality
中央,zhōngyāng,central; middle; center; central authorities (of a state)
忠诚,zhōngchéng,devoted; loyal; fidelity; loyalty
忠实,zhōngshí,faithful
终点,zhōngdiǎn,the end; end point; finishing line (in a race); destination
终究,zhōngjiū,in the end; after all is said and done
终年,zhōngnián,entire year; throughout the year; age at death
终身,zhōngshēn,lifelong; all one's life; marriage
终止,zhōngzhǐ,to stop; to terminate
衷心,zhōngxīn,heartfelt; wholehearted; cordial
肿瘤,zhǒngliú,tumor
种子,zhǒngzi,seed
种族,zhǒngzú,race; ethnicity
众所周知,zhòngsuǒzhōuzhī,as everyone knows (idiom); see 众所周知
重叠,chóngdié,to overlap; to superimpose; to telescope; to run together
重心,zhòngxīn,center of gravity; central core; main part
重阳节,Chóngyángjié,Double Ninth or Yang Festival; 9th day of 9th lunar month
州,zhōu,prefecture; (old) province; (old) administrative division; state (e.g. of US)
舟,zhōu,boat
周边,zhōubiān,periphery; rim; surroundings; all around
周密,zhōumì,careful; thorough; meticulous; dense
周年,zhōunián,anniversary; annual
周期,zhōuqī,period; cycle
周折,zhōuzhé,twists and turns; vicissitude; complication; difficulty
周转,zhōuzhuǎn,to rotate; to circulate (cash stock etc); turnover; circulation
粥,zhōu,congee; gruel; porridge
昼夜,zhòuyè,day and night; period of 24 hours; continuously; without stop
皱纹,zhòuwén,wrinkle
株,zhū,tree trunk; stump (tree root); a plant; classifier for trees or plants
诸位,zhūwèi,(pron) everyone; Ladies and Gentlemen; Sirs
逐年,zhúnián,year after year; with each passing year; over the years
主办,zhǔbàn,to organize; to host (a conference or sports event)
主导,zhǔdǎo,leading; dominant; prevailing; to lead
主管,zhǔguǎn,in charge; responsible for; person in charge; manager
主流,zhǔliú,mainstream; main stream (of a river)
主权,zhǔquán,sovereignty
主题,zhǔtí,theme; subject
拄,zhǔ,to lean on; to prop on
住宅,zhùzhái,residence; dwelling; abode
助理,zhùlǐ,assistant
助手,zhùshǒu,assistant; helper
注射,zhùshè,injection; to inject
注视,zhùshì,to look attentively at; to closely watch; to gaze at
注释,zhùshì,to annotate; to add a comment; explanatory note; annotation
注重,zhùzhòng,to pay attention to; to emphasize
驻扎,zhùzhā,to station; to garrison (troops)
铸造,zhùzào,to cast (pour metal into a mold)
拽,zhuài,to drag; to pull; to haul
专程,zhuānchéng,specifically; specially (for that purpose)
专科,zhuānkē,specialized subject; branch (of medicine); specialized training school
专利,zhuānlì,patent; sth uniquely enjoyed (or possessed etc) by a certain group of people; monopoly
专题,zhuāntí,special topic; specific subject
专长,zhuāncháng,specialty; special knowledge or ability
砖瓦,zhuānwǎ,tiles and bricks
转达,zhuǎndá,to pass on; to convey; to communicate
转让,zhuǎnràng,to transfer (ownership rights etc)
转移,zhuǎnyí,to shift; to relocate; to transfer; (fig.) to shift (attention)
转折,zhuǎnzhé,shift in the trend of events; turnaround; plot shift in a book; turn in the conversation
庄严,zhuāngyán,solemn; dignified; stately
庄重,zhuāngzhòng,grave; solemn; dignified
装备,zhuāngbèi,equipment; to equip; to outfit
装卸,zhuāngxiè,to load or unload; to transfer; to assemble and disassemble
壮观,zhuàngguān,spectacular; magnificent sight
壮丽,zhuànglì,magnificence; magnificent; majestic; glorious
壮烈,zhuàngliè,brave; heroic
追悼,zhuīdào,to mourn; to pay last respects
追究,zhuījiū,to investigate; to look into
准则,zhǔnzé,norm; standard; criterion
卓越,zhuóyuè,outstanding; surpassing; distinguished; splendid
姿态,zītài,attitude; posture; stance
资本,zīběn,capital (economics)
资产,zīchǎn,property; assets
资深,zīshēn,veteran (journalist etc); senior; highly experienced
资助,zīzhù,to subsidize; to provide financial aid; subsidy
滋味,zīwèi,taste; flavor; feeling
滋长,zīzhǎng,to grow (usually of abstract things); to yield; to develop
字母,zìmǔ,letter (of the alphabet)
自卑,zìbēi,to have low self-esteem; to abase oneself
自发,zìfā,spontaneous
自力更生,zìlìgēngshēng,regeneration through one's own effort (idiom); self-reliance
自满,zìmǎn,complacent; self-satisfied
自主,zìzhǔ,independent; to act for oneself; autonomous
子弹,zǐdàn,bullet
宗旨,zōngzhǐ,objective; aim; goal
棕色,zōngsè,brown
踪迹,zōngjì,tracks; trail; footprint; trace
总而言之,zǒngéryánzhī,in short; in a word; in brief
总和,zǒnghé,sum
纵横,zònghéng,vertically and horizontally; criss-crossed; length and breadth
走廊,zǒuláng,corridor; aisle; hallway; passageway
走漏,zǒulòu,to leak (information); to divulge
走私,zǒusī,to smuggle; to have an illicit affair
揍,zòu,to hit; to beat (sb); (coll.) to smash (sth)
租赁,zūlìn,to rent; to lease; to hire
足以,zúyǐ,sufficient to...; so much so that; so that
阻碍,zǔài,to obstruct; to hinder; to block; obstruction
阻拦,zǔlán,to stop; to obstruct
阻挠,zǔnáo,to thwart; to obstruct (sth)
组,zǔ,to form; to organize; group; team
祖父,zǔfù,father's father; paternal grandfather
钻石,zuànshí,diamond
钻研,zuānyán,to study meticulously; to delve into
嘴唇,zuǐchún,lip
尊严,zūnyán,dignity; sanctity; honor; majesty
遵循,zūnxún,to follow; to abide by; to comply with
琢磨,zhuómó,to carve and polish (jade); (ponder sense read zuómo)
左右,zuǒyòu,left and right; nearby; approximately; attendant
作弊,zuòbì,to practice fraud; to cheat; to engage in corrupt practices
作废,zuòfèi,to become invalid; to cancel; to delete; to nullify
作风,zuòfēng,style; style of work; way
作息,zuòxī,to work and rest
座右铭,zuòyòumíng,motto; maxim
做东,zuòdōng,to act as host
做主,zuòzhǔ,see 主
